Nm_Ruas,Kd_Inf,Panjang,STA_AWAL,STA_AKHIR,No,Tahun,Date,Penanganan,Kondisi_Kini,Perke_Kini
4001 - JL. PATIMURA,1,951.29985818500,0+800,0+900,1,,,,,
4002 - JL. LETJEN SUTOYO,11,767.04205801200,0+600,0+700,11,,,,,
4003 - JL. S. TENDEAN,19,1577.94351783000,1+400,1+500,19,,,,,
4004 - JL. DIPONEGORO,35,1170.07889407000,1+000,1+100,35,,,,,
4005 - JL. SINGOLUDRO,47,1075.21828042000,0+900,1+000,47,,,,,
4006 - JL. KOL. MARHADI,58,695.28340880500,0+500,0+600,58,,,,,
4007 - JL. MT. HARYONO,65,1625.38510805000,1+500,1+600,65,,,,,
4008 - JL. H. AGUS SALIM,82,696.67154366900,0+500,0+600,82,,,,,
4009 - JL. FLAMBOYAN,89,444.84859355300,0+300,0+400,89,,,,,
4010 - JL. DAHLIA,94,118.46596733600,0+100,0+118,94,,,,,
4011 - JL. NUSA INDAH,96,436.39962923100,0+300,0+400,96,,,,,
4012 - JL. KENANGA,101,430.16901950000,0+300,0+400,101,,,,,
4013 - JL. ANGGREK,106,455.82925345400,0+300,0+400,106,,,,,
4014 - JL. CEMPAKA,111,648.53833525500,0+500,0+600,111,,,,,
4015 - JL. TANJUNG,118,205.79138812700,0+100,0+200,118,,,,,
4016 - JL. MELATI,121,262.26581516300,0+100,0+200,121,,,,,
4017 - JL. KEMUNING,124,553.06629999800,0+400,0+500,124,,,,,
4018 - JL. SERUNI,130,386.64964338000,0+200,0+300,130,,,,,
4019 - JL. GARUDA,134,161.76861117900,0+100,0+161,134,,,,,
4020 - JL. DR. SUTOMO,136,665.14385003500,0+500,0+600,136,,,,,
4021 - JL. PENANGGUNGAN,143,234.47697718200,0+100,0+200,143,,,,,
4022 - JL. PANDAN,146,244.76979559900,0+100,0+200,146,,,,,
4023 - JL. SEMERU,149,270.75358416200,0+100,0+200,149,,,,,
4024 - JL. RINJANI,152,205.55865545300,0+100,0+200,152,,,,,
4025 - JL. DIENG,155,375.20757709400,0+200,0+300,155,,,,,
4026 - JL. SERAYU,159,127.20048371000,0+100,0+127,159,,,,,
4027 - JL. CISADANE,161,122.91038172000,0+100,0+122,161,,,,,
4028 - JL. MUSI,163,369.66270448100,0+200,0+300,163,,,,,
4029 - JL. CITARUM,167,129.89632832300,0+100,0+100,167,,,,,
4030 - JL. ANJASMORO,169,247.23504242600,0+100,0+200,169,,,,,
4031 - JL. CILIWUNG,172,377.66743090000,0+200,0+300,172,,,,,
4032 - JL. SINGOLUDRO II,176,599.56119156300,0+400,0+500,176,,,,,
4033 - JL. BOGO,182,834.24218159800,0+700,0+800,182,,,,,
4034 - JL. BOGO II,191,386.53061591800,0+200,0+300,191,,,,,
4035 - JL. KAMBOJA,195,565.32962159700,0+400,0+500,195,,,,,
4036 - JL. SRIGADING,201,492.11393880600,0+300,0+400,201,,,,,
4037 - JL. MELATI I,206,172.51194191300,0+100,0+172,206,,,,,
4038 - JL. MELATI II,208,263.19516325000,0+100,0+200,208,,,,,
4039 - JL. KUNTO,211,2048.21134482000,1+900,2+000,211,,,,,
4040 - JL. YOS SUDARSO,232,199.60171612600,0+100,0+199,232,,,,,
4041 - JL. PRAMBANAN,234,481.86077505400,0+300,0+400,234,,,,,
4042 - JL. BOROBUDUR,239,474.23355585300,0+300,0+400,239,,,,,
4043 - JL. KALASAN,244,465.17438971600,0+300,0+400,244,,,,,
4044 - JL. MENDUT,249,218.26553446300,0+100,0+200,249,,,,,
4045 - JL. SALAK,252,292.61760449500,0+100,0+200,252,,,,,
4046 - JL. MANGGA,255,228.71491476800,0+100,0+200,255,,,,,
4047 - JL. SAWO,258,187.55837507400,0+100,0+187,258,,,,,
4048 - JL. STASIUN TIMUR,260,240.62255904800,0+100,0+200,260,,,,,
4049 - JL. SEMANGKA,263,353.56320842100,0+200,0+300,263,,,,,
4050 - JL. KESEMEK,267,196.63278516800,0+100,0+196,267,,,,,
4051 - JL. ANGGUR,269,252.72524343500,0+100,0+200,269,,,,,
4052 - JL. MANGGIS,272,260.87935805000,0+100,0+200,272,,,,,
4053 - JL. MELON,275,145.74291885800,0+100,0+145,275,,,,,
4054 - JL. SIRSAK,277,145.68679615400,0+100,0+145,277,,,,,
4055 - JL. RAMBUTAN,279,281.67572800300,0+100,0+200,279,,,,,
4056 - JL. JAMBU,282,361.34822618700,0+200,0+300,282,,,,,
4057 - JL. BISMO,286,876.84216251800,0+700,0+800,286,,,,,
4058 - JL. PARIKESIT,295,782.61647842900,0+600,0+700,295,,,,,
4059 - JL. BOLODEWO,303,371.68072955100,0+200,0+300,303,2022,1 juli 2022,pemeliharaan rutin,baik,aspal
4060 - JL. KRESNA,307,457.14735601400,0+300,0+400,307,2022,1 juli 2022,pemeliharaan rutin,baik,aspal
4061 - JL. MARKISA RAJA,312,609.96038908600,0+500,0+600,312,2022,1 juli 2022,pemeliharaan rutin,baik,aspal
4062 - JL. APEL RAJA,319,212.59714887300,0+100,0+200,319,2022,1 juli 2022,pemeliharaan rutin,baik,aspal
4063 - JL. PEPAYA RAJA,322,211.57021953000,0+100,0+200,322,2022,1 juli 2022,pemeliharaan rutin,baik,aspal
4065 - JL. SAWO RAJA,336,176.87391026000,0+100,0+176,336,2022,1 juli 2022,pemeliharaan rutin,baik,aspal
4067 - JL. KAKAK TUA,344,980.38845641400,0+800,0+900,344,2022,1 juli 2022,pemeliharaan rutin,baik,aspal
4068 - JL. KARANGLO I,354,1278.61304597000,1+100,1+200,354,2022,1 juli 2022,pemeliharaan rutin,baik,aspal
4069 - JL. KARANGLO II,367,128.62837824100,0+100,0+128,367,2022,1 juli 2022,pemeliharaan rutin,baik,aspal
4071 - JL. SEMBADA,374,283.70035586800,0+100,0+200,374,2022,1 juli 2022,pemeliharaan rutin,baik,aspal
4072 - JL. KYAI SERANG,377,241.21844653400,0+100,0+200,377,2022,1 juli 2022,pemeliharaan rutin,baik,aspal
4073 - JL SUHADA HAJI,380,1273.49095589000,1+100,1+200,380,2022,1 juli 2022,pemeliharaan rutin,baik,aspal
4074 - JL. KUTILANG,393,159.41779441000,0+100,0+159,393,2022,1 juli 2022,pemeliharaan rutin,baik,aspal
4075 - JL. JL. MANYAR,395,587.81234804000,0+400,0+500,395,2022,1 juli 2022,pemeliharaan rutin,baik,aspal
4076 - JL. S. PARMAN,401,212.72821791000,0+100,0+200,401,2022,1 juli 2022,pemeliharaan rutin,baik,aspal
4077 - JL. PANJAITAN,404,608.25528260300,0+500,0+600,404,2022,1 juli 2022,pemeliharaan rutin,baik,aspal
4078 - JL. SUMATRA,411,197.59607567900,0+100,0+197,411,2022,1 juli 2022,pemeliharaan rutin,baik,aspal
4079 - JL. BALI,413,89.85126267840,0+000,0+089,413,2022,1 juli 2022,pemeliharaan rutin,baik,aspal
4080 - JL. KALIMANTAN,414,395.86291941400,0+200,0+300,414,2022,1 juli 2022,pemeliharaan rutin,baik,aspal
4081 - JL. MADURA,418,353.75838164800,0+200,0+300,418,2022,1 juli 2022,pemeliharaan rutin,baik,aspal
4082 - JL. SULAWESI,422,192.24043788000,0+100,0+192,422,2022,1 juli 2022,pemeliharaan rutin,baik,aspal
4083 - JL. FLORES,424,95.47079023120,0+000,0+095,424,2022,1 juli 2022,pemeliharaan rutin,baik,aspal
4084 - JL. SUMBAWA,425,212.44624901900,0+100,0+200,425,2022,1 juli 2022,pemeliharaan rutin,baik,aspal
4085 - JL. CENDRAWASIH,428,385.05539182300,0+200,0+300,428,,,,,
4086 - JL. RAJAWALI,432,694.68675667100,0+500,0+600,432,,,,,
4087 - JL. MENUR,439,319.35300893800,0+200,0+300,439,,,,,
4088 - JL. NIAS,443,285.03591913600,0+100,0+200,443,,,,,
4089 - JL. KENARI,446,657.00116993000,0+500,0+600,446,,,,,
4090 - JL. PARKIT,453,291.26954464800,0+100,0+200,453,,,,,
4091 - JL. BETET,456,797.86521984500,0+600,0+700,456,,,,,
4092 - JL. SRITI,464,592.57136006800,0+400,0+500,464,,,,,
4094 - JL. CEMPAKA II,471,128.91534048900,0+100,0+128,471,,,,,
4095 - JL. CEMPAKA III,473,153.06134520100,0+100,0+153,473,,,,,
4097 - JL. ANGGREK II,475,197.97097587100,0+100,0+197,475,,,,,
4098 - JL. JUANDA,477,2348.19164622000,2+200,2+300,477,,,,,
4099 - JL. PROGO,501,678.32983934200,0+500,0+600,501,,,,,
4101 - JL. RUSUNAWA,508,286.27587689900,0+100,0+200,508,,,,,
4102 - JL. MERPATI (MEJAYAN),511,258.00740021800,0+100,0+200,511,,,,,
4103 - JL. IRIAN JAYA,514,439.90107498900,0+300,0+400,514,,,,,
4104 - JL. PRAWIRO DIPURAN,519,360.67387664600,0+200,0+300,519,,,,,
4105 - JL. KURMA RAJA,523,466.72191802300,0+300,0+400,523,,,,,
4201 - JL. NGAGEL,528,1325.85497889000,1+200,1+300,528,,,,,
4202 - JL. JANOKO,542,1132.68715871000,1+000,1+100,542,,,,,
4203 - JL. SEDAH,554,1862.65725332000,1+700,1+800,554,,,,,
4204 - JL. SASONO LOYO,573,521.67098022900,0+400,0+500,573,,,,,
4205 - JL. KEBODALEM,579,531.35360653700,0+400,0+500,579,,,,,
4206 - JL. SIDODADI,585,462.79544994400,0+300,0+400,585,,,,,
4207 - JL. TEGALREJO,590,2332.83407444000,2+200,2+300,590,,,,,
4208 - JL. NGRAWAN II,614,1413.45276358000,1+300,1+400,614,,,,,
4209 - JL. KEMANTREN,629,826.44605615700,0+700,0+800,629,,,,,
4210 - JL. NGRAWAN I,638,1155.42791786000,1+000,1+100,638,,,,,
4211 - JL. PANCA UPAYA,650,961.61411783500,0+800,0+900,650,,,,,
4213 - JL. KERTO RAHARJO,674,585.99744852400,0+400,0+500,674,,,,,
4214 - JL. PANJANG PUNJUNG,680,2074.50368773000,1+900,2+000,680,,,,,
4215 - JL. GEMAH RIPAH,701,712.50898891000,0+600,0+700,701,,,,,
4216 - JL. SIDOASIH,709,361.34353677800,0+200,0+300,709,,,,,
4217 - JL. TEGAL ARUM,713,1552.15940249000,1+400,1+500,713,,,,,
4218 - JL. SIDOMUKTI,729,858.69791372800,0+700,0+800,729,,,,,
4219 - JL. SIDOMULYO,738,748.63588736900,0+600,0+700,738,,,,,
4220 - JL. WAKIDUN,746,204.66535392100,0+100,0+200,746,,,,,
4221 - JL. SIDO AGUNG,749,444.96372360100,0+300,0+400,749,,,,,
4222 - JL. PASIR WUKIR,754,385.24984704800,0+200,0+300,754,,,,,
4223 - JL. TOTO TERTIB,758,413.51647972500,0+300,0+400,758,,,,,
4224 - JL. BERBUDI,763,485.79429328200,0+300,0+400,763,,,,,
4225 - JL. JUWET/SURO,768,434.43253240900,0+300,0+400,768,,,,,
4226 - JL. PUNDEN,773,622.27962137100,0+500,0+600,773,,,,,
4227 - JL. PERHUTANI,780,746.67467471800,0+600,0+700,780,,,,,
4228 - JL. M.I. BUNGA BANGSA,788,725.51840692900,0+600,0+700,788,,,,,
4229 - JL. M.I. FARHIN,796,834.95945907100,0+700,0+800,796,,,,,
4230 - JL. WAHID HASYIM,805,2271.13715372000,2+100,2+200,805,,,,,
4231 - JL. COKRO AMINOTO,828,602.97421387100,0+500,0+600,828,,,,,
4232 - JL. TENGKU UMAR,835,844.32678304000,0+700,0+800,835,,,,,
4233 - JL. SANDANG PANGAN,844,242.68323260700,0+100,0+200,844,,,,,
4234 - JL. TOTO TENTREM,847,508.59464834900,0+400,0+500,847,,,,,
4235 - JL. LOHJINAWI,853,636.14806304800,0+500,0+600,853,,,,,
4236 - JL. SANGGRAHAN,860,863.08723822400,0+700,0+800,860,,,,,
4237 - JL. LAPANGAN BERAN,869,425.09622046500,0+300,0+400,869,,,,,
4238 - JL. TEGAL ASRI,874,1210.69022402000,1+100,1+200,874,,,,,
4239 - JL. MONTIKAN,887,1105.38157050000,1+000,1+100,887,,,,,
4240 - JL. DIPONEGORO,899,773.58497002300,0+600,0+700,899,,,,,
4241 - JL. RADEN PATAH,907,315.44661654300,0+200,0+300,907,,,,,
4242 - JL. K.H. MOJO I,911,413.39363302100,0+300,0+400,911,2022,1 juli 2022,pemeliharaan rutin,baik,aspal
4243 - JL. K.H. MOJO II,916,270.69605066900,0+100,0+200,916,2022,1 juli 2022,pemeliharaan rutin,baik,aspal
4244 - JL. AGUS SALIM,919,1497.33011671000,1+300,"1+400
",919,2022,1 juli 2022,pemeliharaan rutin,baik,aspal
4245 - JL. MELATI,934,357.98665952100,0+200,0+300,934,2022,1 juli 2022,pemeliharaan rutin,baik,aspal
4246 - JL. MENUR,938,613.40238051800,0+500,0+600,938,2022,1 juli 2022,pemeliharaan rutin,baik,aspal
4247 - JL. NOGO,945,1240.61743196000,1+100,1+200,945,2022,1 juli 2022,pemeliharaan rutin,baik,aspal
4248 - JL. SAUR,958,782.66877475000,0+600,0+700,958,2022,1 juli 2022,pemeliharaan rutin,baik,aspal
4301 - JL. SUMBERMORO,966,499.51708759100,0+300,0+400,966,2022,1 juli 2022,pemeliharaan rutin,baik,aspal
4302 - JL. SUMBERSAKTI,971,242.39656392800,0+100,0+200,971,2022,1 juli 2022,pemeliharaan rutin,baik,aspal
4303 - JL. KARYAWAN,974,383.00097081800,0+200,0+300,974,2022,1 juli 2022,pemeliharaan rutin,baik,aspal
4304 - JL. SUMBER MAS,978,323.47411211600,0+200,0+300,978,2022,1 juli 2022,pemeliharaan rutin,baik,aspal
4305 - JL. SENDANG BEJI,982,326.79403212500,0+200,0+300,982,2022,1 juli 2022,pemeliharaan rutin,baik,aspal
4306 - JL. BRANJANGAN I/B,986,258.10697930000,0+100,0+200,986,2022,1 juli 2022,pemeliharaan rutin,baik,aspal
4307 - JL. BRANJANGAN I,989,326.90905547000,0+200,0+300,989,2022,1 juli 2022,pemeliharaan rutin,baik,aspal
4308 - JL. SETYA RUKUN,993,499.86503043400,0+300,0+400,993,2022,1 juli 2022,pemeliharaan rutin,baik,aspal
4309 - JL. SEbaikA GUNA,998,187.76493032000,0+100,0+187,998,2022,1 juli 2022,pemeliharaan rutin,baik,aspal
4310 - JL. EKA BHAKTI,1000,736.05812977500,0+600,0+700,1000,2022,1 juli 2022,pemeliharaan rutin,baik,aspal
4311 - JL. SWAKARYA,1008,317.36517683600,0+200,0+300,1008,2022,1 juli 2022,pemeliharaan rutin,baik,aspal
4312 - JL. SWANARDIPA,1012,194.83354163100,0+100,0+194,1012,2022,1 juli 2022,pemeliharaan rutin,baik,aspal
4313 - JL. SWASEMBADA,1014,263.43414567200,0+100,0+200,1014,2022,1 juli 2022,pemeliharaan rutin,baik,aspal
4314 - JL. KANAL TIMUR,1017,1094.12449977000,0+900,1+000,1017,2022,1 juli 2022,pemeliharaan rutin,baik,aspal
4315 - JL. SETYA DARMA,1028,667.64032957900,0+500,0+600,1028,2022,1 juli 2022,pemeliharaan rutin,baik,aspal
4001 - JL. PATIMURA,2,951.29985818500,0+000,0+100,2,2022,1 juli 2022,pemeliharaan rutin,baik,aspal
4001 - JL. PATIMURA,3,951.29985818500,0+100,0+200,3,,,,,
4001 - JL. PATIMURA,4,951.29985818500,0+200,0+300,4,,,,,
4001 - JL. PATIMURA,5,951.29985818500,0+300,0+400,5,,,,,
4001 - JL. PATIMURA,6,951.29985818500,0+400,0+500,6,,,,,
4001 - JL. PATIMURA,7,951.29985818500,0+500,0+600,7,,,,,
4001 - JL. PATIMURA,8,951.29985818500,0+600,0+700,8,,,,,
4001 - JL. PATIMURA,9,951.29985818500,0+700,0+800,9,,,,,
4001 - JL. PATIMURA,10,951.29985818500,0+900,0+951,10,,,,,
4002 - JL. LETJEN SUTOYO,12,767.04205801200,0+000,0+100,12,,,,,
4002 - JL. LETJEN SUTOYO,13,767.04205801200,0+100,0+200,13,,,,,
4002 - JL. LETJEN SUTOYO,14,767.04205801200,0+200,0+300,14,,,,,
4002 - JL. LETJEN SUTOYO,15,767.04205801200,0+300,0+400,15,,,,,
4002 - JL. LETJEN SUTOYO,16,767.04205801200,0+400,0+500,16,,,,,
4002 - JL. LETJEN SUTOYO,17,767.04205801200,0+500,0+600,17,,,,,
4002 - JL. LETJEN SUTOYO,18,767.04205801200,0+700,0+767,18,,,,,
4003 - JL. S. TENDEAN,20,1577.94351783000,0+000,0+100,20,,,,,
4003 - JL. S. TENDEAN,21,1577.94351783000,0+100,0+200,21,,,,,
4003 - JL. S. TENDEAN,22,1577.94351783000,0+200,0+300,22,,,,,
4003 - JL. S. TENDEAN,23,1577.94351783000,0+300,0+400,23,,,,,
4003 - JL. S. TENDEAN,24,1577.94351783000,0+400,0+500,24,,,,,
4003 - JL. S. TENDEAN,25,1577.94351783000,0+500,0+600,25,,,,,
4003 - JL. S. TENDEAN,26,1577.94351783000,0+600,0+700,26,,,,,
4003 - JL. S. TENDEAN,27,1577.94351783000,0+700,0+800,27,,,,,
4003 - JL. S. TENDEAN,28,1577.94351783000,0+800,0+900,28,,,,,
4003 - JL. S. TENDEAN,29,1577.94351783000,0+900,1+000,29,,,,,
4003 - JL. S. TENDEAN,30,1577.94351783000,1+000,1+100,30,,,,,
4003 - JL. S. TENDEAN,31,1577.94351783000,1+100,1+200,31,,,,,
4003 - JL. S. TENDEAN,32,1577.94351783000,1+200,1+300,32,,,,,
4003 - JL. S. TENDEAN,33,1577.94351783000,1+300,1+400,33,,,,,
4003 - JL. S. TENDEAN,34,1577.94351783000,1+500,1+577,34,,,,,
4004 - JL. DIPONEGORO,36,1170.07889407000,0+000,0+100,36,,,,,
4004 - JL. DIPONEGORO,37,1170.07889407000,0+100,0+200,37,,,,,
4004 - JL. DIPONEGORO,38,1170.07889407000,0+200,0+300,38,,,,,
4004 - JL. DIPONEGORO,39,1170.07889407000,0+300,0+400,39,,,,,
4004 - JL. DIPONEGORO,40,1170.07889407000,0+400,0+500,40,,,,,
4004 - JL. DIPONEGORO,41,1170.07889407000,0+500,0+600,41,,,,,
4004 - JL. DIPONEGORO,42,1170.07889407000,0+600,0+700,42,,,,,
4004 - JL. DIPONEGORO,43,1170.07889407000,0+700,0+800,43,,,,,
4004 - JL. DIPONEGORO,44,1170.07889407000,0+800,0+900,44,,,,,
4004 - JL. DIPONEGORO,45,1170.07889407000,0+900,1+000,45,,,,,
4004 - JL. DIPONEGORO,46,1170.07889407000,1+100,1+170,46,,,,,
4005 - JL. SINGOLUDRO,48,1075.21828042000,0+000,0+100,48,,,,,
4005 - JL. SINGOLUDRO,49,1075.21828042000,0+100,0+200,49,,,,,
4005 - JL. SINGOLUDRO,50,1075.21828042000,0+200,0+300,50,,,,,
4005 - JL. SINGOLUDRO,51,1075.21828042000,0+300,0+400,51,,,,,
4005 - JL. SINGOLUDRO,52,1075.21828042000,0+400,0+500,52,,,,,
4005 - JL. SINGOLUDRO,53,1075.21828042000,0+500,0+600,53,,,,,
4005 - JL. SINGOLUDRO,54,1075.21828042000,0+600,0+700,54,,,,,
4005 - JL. SINGOLUDRO,55,1075.21828042000,0+700,0+800,55,,,,,
4005 - JL. SINGOLUDRO,56,1075.21828042000,0+800,0+900,56,,,,,
4005 - JL. SINGOLUDRO,57,1075.21828042000,1+000,1+075,57,,,,,
4006 - JL. KOL. MARHADI,59,695.28340880500,0+000,0+100,59,,,,,
4006 - JL. KOL. MARHADI,60,695.28340880500,0+100,0+200,60,,,,,
4006 - JL. KOL. MARHADI,61,695.28340880500,0+200,0+300,61,,,,,
4006 - JL. KOL. MARHADI,62,695.28340880500,0+300,0+400,62,,,,,
4006 - JL. KOL. MARHADI,63,695.28340880500,0+400,0+500,63,,,,,
4006 - JL. KOL. MARHADI,64,695.28340880500,0+600,0+695,64,,,,,
4007 - JL. MT. HARYONO,66,1625.38510805000,0+000,0+100,66,,,,,
4007 - JL. MT. HARYONO,67,1625.38510805000,0+100,0+200,67,2022,1 juli 2022,pemeliharaan rutin,baik,aspal
4007 - JL. MT. HARYONO,68,1625.38510805000,0+200,0+300,68,2022,1 juli 2022,pemeliharaan rutin,baik,aspal
4007 - JL. MT. HARYONO,69,1625.38510805000,0+300,0+400,69,2022,1 juli 2022,pemeliharaan rutin,baik,aspal
4007 - JL. MT. HARYONO,70,1625.38510805000,0+400,0+500,70,2022,1 juli 2022,pemeliharaan rutin,baik,aspal
4007 - JL. MT. HARYONO,71,1625.38510805000,0+500,0+600,71,2022,1 juli 2022,pemeliharaan rutin,baik,aspal
4007 - JL. MT. HARYONO,72,1625.38510805000,0+600,0+700,72,2022,1 juli 2022,pemeliharaan rutin,baik,aspal
4007 - JL. MT. HARYONO,73,1625.38510805000,0+700,0+800,73,2022,1 juli 2022,pemeliharaan rutin,baik,aspal
4007 - JL. MT. HARYONO,74,1625.38510805000,0+800,0+900,74,2022,1 juli 2022,pemeliharaan rutin,baik,aspal
4007 - JL. MT. HARYONO,75,1625.38510805000,0+900,1+000,75,2022,1 juli 2022,pemeliharaan rutin,baik,aspal
4007 - JL. MT. HARYONO,76,1625.38510805000,1+000,1+100,76,2022,1 juli 2022,pemeliharaan rutin,baik,aspal
4007 - JL. MT. HARYONO,77,1625.38510805000,1+100,1+200,77,2022,1 juli 2022,pemeliharaan rutin,baik,aspal
4007 - JL. MT. HARYONO,78,1625.38510805000,1+200,1+300,78,2022,1 juli 2022,pemeliharaan rutin,baik,aspal
4007 - JL. MT. HARYONO,79,1625.38510805000,1+300,1+400,79,2022,1 juli 2022,pemeliharaan rutin,baik,aspal
4007 - JL. MT. HARYONO,80,1625.38510805000,1+400,1+500,80,2022,1 juli 2022,pemeliharaan rutin,baik,aspal
4007 - JL. MT. HARYONO,81,1625.38510805000,1+600,1+625,81,2022,1 juli 2022,pemeliharaan rutin,baik,aspal
4008 - JL. H. AGUS SALIM,83,696.67154366900,0+000,0+100,83,2022,1 juli 2022,pemeliharaan rutin,baik,aspal
4008 - JL. H. AGUS SALIM,84,696.67154366900,0+100,0+200,84,2022,1 juli 2022,pemeliharaan rutin,baik,aspal
4008 - JL. H. AGUS SALIM,85,696.67154366900,0+200,0+300,85,2022,1 juli 2022,pemeliharaan rutin,baik,aspal
4008 - JL. H. AGUS SALIM,86,696.67154366900,0+300,0+400,86,2022,1 juli 2022,pemeliharaan rutin,baik,aspal
4008 - JL. H. AGUS SALIM,87,696.67154366900,0+400,0+500,87,2022,1 juli 2022,pemeliharaan rutin,baik,aspal
4008 - JL. H. AGUS SALIM,88,696.67154366900,0+600,0+696,88,2022,1 juli 2022,pemeliharaan rutin,baik,aspal
4009 - JL. FLAMBOYAN,90,444.84859355300,0+000,0+100,90,2022,1 juli 2022,pemeliharaan rutin,baik,aspal
4009 - JL. FLAMBOYAN,91,444.84859355300,0+100,0+200,91,2022,1 juli 2022,pemeliharaan rutin,baik,aspal
4009 - JL. FLAMBOYAN,92,444.84859355300,0+200,0+300,92,,,,,
4009 - JL. FLAMBOYAN,93,444.84859355300,0+400,0+444,93,,,,,
4010 - JL. DAHLIA,95,118.46596733600,0+000,0+100,95,,,,,
4011 - JL. NUSA INDAH,97,436.39962923100,0+000,0+100,97,,,,,
4011 - JL. NUSA INDAH,98,436.39962923100,0+100,0+200,98,,,,,
4011 - JL. NUSA INDAH,99,436.39962923100,0+200,0+300,99,,,,,
4011 - JL. NUSA INDAH,100,436.39962923100,0+400,0+436,100,,,,,
4012 - JL. KENANGA,102,430.16901950000,0+000,0+100,102,,,,,
4012 - JL. KENANGA,103,430.16901950000,0+100,0+200,103,,,,,
4012 - JL. KENANGA,104,430.16901950000,0+200,0+300,104,,,,,
4012 - JL. KENANGA,105,430.16901950000,0+400,0+430,105,,,,,
4013 - JL. ANGGREK,107,455.82925345400,0+000,0+100,107,,,,,
4013 - JL. ANGGREK,108,455.82925345400,0+100,0+200,108,,,,,
4013 - JL. ANGGREK,109,455.82925345400,0+200,0+300,109,,,,,
4013 - JL. ANGGREK,110,455.82925345400,0+400,0+455,110,,,,,
4014 - JL. CEMPAKA,112,648.53833525500,0+000,0+100,112,,,,,
4014 - JL. CEMPAKA,113,648.53833525500,0+100,0+200,113,,,,,
4014 - JL. CEMPAKA,114,648.53833525500,0+200,0+300,114,,,,,
4014 - JL. CEMPAKA,115,648.53833525500,0+300,0+400,115,,,,,
4014 - JL. CEMPAKA,116,648.53833525500,0+400,0+500,116,,,,,
4014 - JL. CEMPAKA,117,648.53833525500,0+600,0+648,117,,,,,
4015 - JL. TANJUNG,119,205.79138812700,0+000,0+100,119,,,,,
4015 - JL. TANJUNG,120,205.79138812700,0+200,0+205,120,,,,,
4016 - JL. MELATI,122,262.26581516300,0+000,0+100,122,,,,,
4016 - JL. MELATI,123,262.26581516300,0+200,0+262,123,,,,,
4017 - JL. KEMUNING,125,553.06629999800,0+000,0+100,125,,,,,
4017 - JL. KEMUNING,126,553.06629999800,0+100,0+200,126,,,,,
4017 - JL. KEMUNING,127,553.06629999800,0+200,0+300,127,,,,,
4017 - JL. KEMUNING,128,553.06629999800,0+300,0+400,128,,,,,
4017 - JL. KEMUNING,129,553.06629999800,0+500,0+553,129,,,,,
4018 - JL. SERUNI,131,386.64964338000,0+000,0+100,131,,,,,
4018 - JL. SERUNI,132,386.64964338000,0+100,0+200,132,,,,,
4018 - JL. SERUNI,133,386.64964338000,0+300,0+386,133,,,,,
4019 - JL. GARUDA,135,161.76861117900,0+000,0+100,135,,,,,
4020 - JL. DR. SUTOMO,137,665.14385003500,0+000,0+100,137,,,,,
4020 - JL. DR. SUTOMO,138,665.14385003500,0+100,0+200,138,,,,,
4020 - JL. DR. SUTOMO,139,665.14385003500,0+200,0+300,139,,,,,
4020 - JL. DR. SUTOMO,140,665.14385003500,0+300,0+400,140,,,,,
4020 - JL. DR. SUTOMO,141,665.14385003500,0+400,0+500,141,,,,,
4020 - JL. DR. SUTOMO,142,665.14385003500,0+600,0+685,142,,,,,
4021 - JL. PENANGGUNGAN,144,234.47697718200,0+000,0+100,144,,,,,
4021 - JL. PENANGGUNGAN,145,234.47697718200,0+200,0+234,145,,,,,
4022 - JL. PANDAN,147,244.76979559900,0+000,0+100,147,,,,,
4022 - JL. PANDAN,148,244.76979559900,0+200,0+244,148,,,,,
4023 - JL. SEMERU,150,270.75358416200,0+000,0+100,150,,,,,
4023 - JL. SEMERU,151,270.75358416200,0+200,0+270,151,,,,,
4024 - JL. RINJANI,153,205.55865545300,0+000,0+100,153,,,,,
4024 - JL. RINJANI,154,205.55865545300,0+200,0+205,154,,,,,
4025 - JL. DIENG,156,375.20757709400,0+000,0+100,156,,,,,
4025 - JL. DIENG,157,375.20757709400,0+100,0+200,157,,,,,
4025 - JL. DIENG,158,375.20757709400,0+300,0+375,158,,,,,
4026 - JL. SERAYU,160,127.20048371000,0+000,0+100,160,,,,,
4027 - JL. CISADANE,162,122.91038172000,0+000,0+100,162,,,,,
4028 - JL. MUSI,164,369.66270448100,0+000,0+100,164,,,,,
4028 - JL. MUSI,165,369.66270448100,0+100,0+200,165,,,,,
4028 - JL. MUSI,166,369.66270448100,0+300,0+369,166,,,,,
4029 - JL. CITARUM,168,129.89632832300,0+000,0+100,168,,,,,
4030 - JL. ANJASMORO,170,247.23504242600,0+000,0+100,170,,,,,
4030 - JL. ANJASMORO,171,247.23504242600,0+200,0+247,171,2022,1 juli 2022,pemeliharaan rutin,baik,aspal
4031 - JL. CILIWUNG,173,377.66743090000,0+000,0+100,173,2022,1 juli 2022,pemeliharaan rutin,baik,aspal
4031 - JL. CILIWUNG,174,377.66743090000,0+100,0+200,174,2022,1 juli 2022,pemeliharaan rutin,baik,aspal
4031 - JL. CILIWUNG,175,377.66743090000,0+300,0+377,175,2022,1 juli 2022,pemeliharaan rutin,baik,aspal
4032 - JL. SINGOLUDRO II,177,599.56119156300,0+000,0+100,177,2022,1 juli 2022,pemeliharaan rutin,baik,aspal
4032 - JL. SINGOLUDRO II,178,599.56119156300,0+100,0+200,178,2022,1 juli 2022,pemeliharaan rutin,baik,aspal
4032 - JL. SINGOLUDRO II,179,599.56119156300,0+200,0+300,179,2022,1 juli 2022,pemeliharaan rutin,baik,aspal
4032 - JL. SINGOLUDRO II,180,599.56119156300,0+300,0+400,180,2022,1 juli 2022,pemeliharaan rutin,baik,aspal
4032 - JL. SINGOLUDRO II,181,599.56119156300,0+500,0+599,181,2022,1 juli 2022,pemeliharaan rutin,baik,aspal
4033 - JL. BOGO,183,834.24218159800,0+000,0+100,183,2022,1 juli 2022,pemeliharaan rutin,baik,aspal
4033 - JL. BOGO,184,834.24218159800,0+100,0+200,184,2022,1 juli 2022,pemeliharaan rutin,baik,aspal
4033 - JL. BOGO,185,834.24218159800,0+200,0+300,185,2022,1 juli 2022,pemeliharaan rutin,baik,aspal
4033 - JL. BOGO,186,834.24218159800,0+300,0+400,186,2022,1 juli 2022,pemeliharaan rutin,baik,aspal
4033 - JL. BOGO,187,834.24218159800,0+400,0+500,187,2022,1 juli 2022,pemeliharaan rutin,baik,aspal
4033 - JL. BOGO,188,834.24218159800,0+500,0+600,188,2022,1 juli 2022,pemeliharaan rutin,baik,aspal
4033 - JL. BOGO,189,834.24218159800,0+600,0+700,189,2022,1 juli 2022,pemeliharaan rutin,baik,aspal
4033 - JL. BOGO,190,834.24218159800,0+800,0+834,190,2022,1 juli 2022,pemeliharaan rutin,baik,aspal
4034 - JL. BOGO II,192,386.53061591800,0+000,0+100,192,2022,1 juli 2022,pemeliharaan rutin,baik,aspal
4034 - JL. BOGO II,193,386.53061591800,0+100,0+200,193,2022,1 juli 2022,pemeliharaan rutin,baik,aspal
4034 - JL. BOGO II,194,386.53061591800,0+300,0+386,194,2022,1 juli 2022,pemeliharaan rutin,baik,aspal
4035 - JL. KAMBOJA,196,565.32962159700,0+000,0+100,196,2022,1 juli 2022,pemeliharaan rutin,baik,aspal
4035 - JL. KAMBOJA,197,565.32962159700,0+100,0+200,197,2022,1 juli 2022,pemeliharaan rutin,baik,aspal
4035 - JL. KAMBOJA,198,565.32962159700,0+200,0+300,198,2022,1 juli 2022,pemeliharaan rutin,baik,aspal
4035 - JL. KAMBOJA,199,565.32962159700,0+300,0+400,199,,,,,
4035 - JL. KAMBOJA,200,565.32962159700,0+500,0+565,200,,,,,
4036 - JL. SRIGADING,202,492.11393880600,0+000,0+100,202,,,,,
4036 - JL. SRIGADING,203,492.11393880600,0+100,0+200,203,,,,,
4036 - JL. SRIGADING,204,492.11393880600,0+200,0+300,204,,,,,
4036 - JL. SRIGADING,205,492.11393880600,0+400,0+492,205,,,,,
4037 - JL. MELATI I,207,172.51194191300,0+000,0+100,207,,,,,
4038 - JL. MELATI II,209,263.19516325000,0+000,0+100,209,,,,,
4038 - JL. MELATI II,210,263.19516325000,0+200,0+263,210,,,,,
4039 - JL. KUNTO,212,2048.21134482000,0+000,0+100,212,,,,,
4039 - JL. KUNTO,213,2048.21134482000,0+100,0+200,213,,,,,
4039 - JL. KUNTO,214,2048.21134482000,0+200,0+300,214,,,,,
4039 - JL. KUNTO,215,2048.21134482000,0+300,0+400,215,,,,,
4039 - JL. KUNTO,216,2048.21134482000,0+400,0+500,216,,,,,
4039 - JL. KUNTO,217,2048.21134482000,0+500,0+600,217,,,,,
4039 - JL. KUNTO,218,2048.21134482000,0+600,0+700,218,,,,,
4039 - JL. KUNTO,219,2048.21134482000,0+700,0+800,219,,,,,
4039 - JL. KUNTO,220,2048.21134482000,0+800,0+900,220,,,,,
4039 - JL. KUNTO,221,2048.21134482000,0+900,1+000,221,,,,,
4039 - JL. KUNTO,222,2048.21134482000,1+000,1+100,222,,,,,
4039 - JL. KUNTO,223,2048.21134482000,1+100,1+200,223,,,,,
4039 - JL. KUNTO,224,2048.21134482000,1+200,1+300,224,,,,,
4039 - JL. KUNTO,225,2048.21134482000,1+300,1+400,225,,,,,
4039 - JL. KUNTO,226,2048.21134482000,1+400,1+500,226,,,,,
4039 - JL. KUNTO,227,2048.21134482000,1+500,1+600,227,,,,,
4039 - JL. KUNTO,228,2048.21134482000,1+600,1+700,228,,,,,
4039 - JL. KUNTO,229,2048.21134482000,1+700,1+800,229,,,,,
4039 - JL. KUNTO,230,2048.21134482000,1+800,1+900,230,,,,,
4039 - JL. KUNTO,231,2048.21134482000,2+000,2+048,231,,,,,
4040 - JL. YOS SUDARSO,233,199.60171612600,0+000,0+100,233,,,,,
4041 - JL. PRAMBANAN,235,481.86077505400,0+000,0+100,235,,,,,
4041 - JL. PRAMBANAN,236,481.86077505400,0+100,0+200,236,,,,,
4041 - JL. PRAMBANAN,237,481.86077505400,0+200,0+300,237,,,,,
4041 - JL. PRAMBANAN,238,481.86077505400,0+400,0+481,238,,,,,
4042 - JL. BOROBUDUR,240,474.23355585300,0+000,0+100,240,,,,,
4042 - JL. BOROBUDUR,241,474.23355585300,0+100,0+200,241,,,,,
4042 - JL. BOROBUDUR,242,474.23355585300,0+200,0+300,242,,,,,
4042 - JL. BOROBUDUR,243,474.23355585300,0+400,0+474,243,,,,,
4043 - JL. KALASAN,245,465.17438971600,0+000,0+100,245,,,,,
4043 - JL. KALASAN,246,465.17438971600,0+100,0+200,246,,,,,
4043 - JL. KALASAN,247,465.17438971600,0+200,0+300,247,,,,,
4043 - JL. KALASAN,248,465.17438971600,0+400,0+465,248,,,,,
4044 - JL. MENDUT,250,218.26553446300,0+000,0+100,250,,,,,
4044 - JL. MENDUT,251,218.26553446300,0+200,0+218,251,,,,,
4045 - JL. SALAK,253,292.61760449500,0+000,0+100,253,,,,,
4045 - JL. SALAK,254,292.61760449500,0+200,0+292,254,,,,,
4046 - JL. MANGGA,256,228.71491476800,0+000,0+100,256,,,,,
4046 - JL. MANGGA,257,228.71491476800,0+200,0+228,257,,,,,
4047 - JL. SAWO,259,187.55837507400,0+000,0+100,259,,,,,
4048 - JL. STASIUN TIMUR,261,240.62255904800,0+000,0+100,261,,,,,
4048 - JL. STASIUN TIMUR,262,240.62255904800,0+200,0+240,262,,,,,
4049 - JL. SEMANGKA,264,353.56320842100,0+000,0+100,264,,,,,
4049 - JL. SEMANGKA,265,353.56320842100,0+100,0+200,265,,,,,
4049 - JL. SEMANGKA,266,353.56320842100,0+300,0+353,266,,,,,
4050 - JL. KESEMEK,268,196.63278516800,0+000,0+100,268,,,,,
4051 - JL. ANGGUR,270,252.72524343500,0+000,0+100,270,,,,,
4051 - JL. ANGGUR,271,252.72524343500,0+200,0+252,271,,,,,
4052 - JL. MANGGIS,273,260.87935805000,0+000,0+100,273,,,,,
4052 - JL. MANGGIS,274,260.87935805000,0+200,0+260,274,2022,1 juli 2022,pemeliharaan rutin,baik,aspal
4053 - JL. MELON,276,145.74291885800,0+000,0+100,276,2022,1 juli 2022,pemeliharaan rutin,baik,aspal
4054 - JL. SIRSAK,278,145.68679615400,0+000,0+100,278,2022,1 juli 2022,pemeliharaan rutin,baik,aspal
4055 - JL. RAMBUTAN,280,281.67572800300,0+000,0+100,280,2022,1 juli 2022,pemeliharaan rutin,baik,aspal
4055 - JL. RAMBUTAN,281,281.67572800300,0+200,0+281,281,2022,1 juli 2022,pemeliharaan rutin,baik,aspal
4056 - JL. JAMBU,283,361.34822618700,0+000,0+100,283,2022,1 juli 2022,pemeliharaan rutin,baik,aspal
4056 - JL. JAMBU,284,361.34822618700,0+100,0+200,284,2022,1 juli 2022,pemeliharaan rutin,baik,aspal
4056 - JL. JAMBU,285,361.34822618700,0+300,0+361,285,2022,1 juli 2022,pemeliharaan rutin,baik,aspal
4057 - JL. BISMO,287,876.84216251800,0+000,0+100,287,2022,1 juli 2022,pemeliharaan rutin,baik,aspal
4057 - JL. BISMO,288,876.84216251800,0+100,0+200,288,2022,1 juli 2022,pemeliharaan rutin,baik,aspal
4057 - JL. BISMO,289,876.84216251800,0+200,0+300,289,2022,1 juli 2022,pemeliharaan rutin,baik,aspal
4057 - JL. BISMO,290,876.84216251800,0+300,0+400,290,2022,1 juli 2022,pemeliharaan rutin,baik,aspal
4057 - JL. BISMO,291,876.84216251800,0+400,0+500,291,2022,1 juli 2022,pemeliharaan rutin,baik,aspal
4057 - JL. BISMO,292,876.84216251800,0+500,0+600,292,2022,1 juli 2022,pemeliharaan rutin,baik,aspal
4057 - JL. BISMO,293,876.84216251800,0+600,0+700,293,2022,1 juli 2022,pemeliharaan rutin,baik,aspal
4057 - JL. BISMO,294,876.84216251800,0+800,0+876,294,2022,1 juli 2022,pemeliharaan rutin,baik,aspal
4058 - JL. PARIKESIT,296,782.61647842900,0+000,0+100,296,2022,1 juli 2022,pemeliharaan rutin,baik,aspal
4058 - JL. PARIKESIT,297,782.61647842900,0+100,0+200,297,2022,1 juli 2022,pemeliharaan rutin,baik,aspal
4058 - JL. PARIKESIT,298,782.61647842900,0+200,0+300,298,2022,1 juli 2022,pemeliharaan rutin,baik,aspal
4058 - JL. PARIKESIT,299,782.61647842900,0+300,0+400,299,2022,1 juli 2022,pemeliharaan rutin,baik,aspal
4058 - JL. PARIKESIT,300,782.61647842900,0+400,0+500,300,2022,1 juli 2022,pemeliharaan rutin,baik,aspal
4058 - JL. PARIKESIT,301,782.61647842900,0+500,0+600,301,2022,1 juli 2022,pemeliharaan rutin,baik,aspal
4058 - JL. PARIKESIT,302,782.61647842900,0+700,0+782,302,2022,1 juli 2022,pemeliharaan rutin,baik,aspal
4059 - JL. BOLODEWO,304,371.68072955100,0+000,0+100,304,,,,,
4059 - JL. BOLODEWO,305,371.68072955100,0+100,0+200,305,,,,,
4059 - JL. BOLODEWO,306,371.68072955100,0+300,0+371,306,,,,,
4060 - JL. KRESNA,308,457.14735601400,0+000,0+100,308,,,,,
4060 - JL. KRESNA,309,457.14735601400,0+100,0+200,309,,,,,
4060 - JL. KRESNA,310,457.14735601400,0+200,0+300,310,,,,,
4060 - JL. KRESNA,311,457.14735601400,0+400,0+457,311,,,,,
4061 - JL. MARKISA RAJA,313,609.96038908600,0+000,0+100,313,,,,,
4061 - JL. MARKISA RAJA,314,609.96038908600,0+100,0+200,314,,,,,
4061 - JL. MARKISA RAJA,315,609.96038908600,0+200,0+300,315,,,,,
4061 - JL. MARKISA RAJA,316,609.96038908600,0+300,0+400,316,,,,,
4061 - JL. MARKISA RAJA,317,609.96038908600,0+400,0+500,317,,,,,
4061 - JL. MARKISA RAJA,318,609.96038908600,0+600,0+609,318,,,,,
4062 - JL. APEL RAJA,320,212.59714887300,0+000,0+100,320,,,,,
4062 - JL. APEL RAJA,321,212.59714887300,0+200,0+212,321,,,,,
4063 - JL. PEPAYA RAJA,323,211.57021953000,0+000,0+100,323,,,,,
4063 - JL. PEPAYA RAJA,324,211.57021953000,0+200,0+211,324,,,,,
4065 - JL. SAWO RAJA,337,176.87391026000,0+000,0+100,337,,,,,
4067 - JL. KAKAK TUA,345,980.38845641400,0+000,0+100,345,,,,,
4067 - JL. KAKAK TUA,346,980.38845641400,0+100,0+200,346,,,,,
4067 - JL. KAKAK TUA,347,980.38845641400,0+200,0+300,347,,,,,
4067 - JL. KAKAK TUA,348,980.38845641400,0+300,0+400,348,,,,,
4067 - JL. KAKAK TUA,349,980.38845641400,0+400,0+500,349,,,,,
4067 - JL. KAKAK TUA,350,980.38845641400,0+500,0+600,350,,,,,
4067 - JL. KAKAK TUA,351,980.38845641400,0+600,0+700,351,,,,,
4067 - JL. KAKAK TUA,352,980.38845641400,0+700,0+800,352,,,,,
4067 - JL. KAKAK TUA,353,980.38845641400,0+900,0+980,353,,,,,
4068 - JL. KARANGLO I,355,1278.61304597000,0+000,0+100,355,,,,,
4068 - JL. KARANGLO I,356,1278.61304597000,0+100,0+200,356,,,,,
4068 - JL. KARANGLO I,357,1278.61304597000,0+200,0+300,357,,,,,
4068 - JL. KARANGLO I,358,1278.61304597000,0+300,0+400,358,,,,,
4068 - JL. KARANGLO I,359,1278.61304597000,0+400,0+500,359,,,,,
4068 - JL. KARANGLO I,360,1278.61304597000,0+500,0+600,360,,,,,
4068 - JL. KARANGLO I,361,1278.61304597000,0+600,0+700,361,,,,,
4068 - JL. KARANGLO I,362,1278.61304597000,0+700,0+800,362,,,,,
4068 - JL. KARANGLO I,363,1278.61304597000,0+800,0+900,363,,,,,
4068 - JL. KARANGLO I,364,1278.61304597000,0+900,1+000,364,,,,,
4068 - JL. KARANGLO I,365,1278.61304597000,1+000,1+100,365,,,,,
4068 - JL. KARANGLO I,366,1278.61304597000,1+200,1+276,366,,,,,
4069 - JL. KARANGLO II,368,128.62837824100,0+000,0+100,368,,,,,
4071 - JL. SEMBADA,375,283.70035586800,0+000,0+100,375,,,,,
4071 - JL. SEMBADA,376,283.70035586800,0+200,0+283,376,,,,,
4072 - JL. KYAI SERANG,378,241.21844653400,0+000,0+100,378,,,,,
4072 - JL. KYAI SERANG,379,241.21844653400,0+200,0+241,379,,,,,
4073 - JL SUHADA HAJI,381,1273.49095589000,0+000,0+100,381,,,,,
4073 - JL SUHADA HAJI,382,1273.49095589000,0+100,0+200,382,,,,,
4073 - JL SUHADA HAJI,383,1273.49095589000,0+200,0+300,383,,,,,
4073 - JL SUHADA HAJI,384,1273.49095589000,0+300,0+400,384,,,,,
4073 - JL SUHADA HAJI,385,1273.49095589000,0+400,0+500,385,,,,,
4073 - JL SUHADA HAJI,386,1273.49095589000,0+500,0+600,386,,,,,
4073 - JL SUHADA HAJI,387,1273.49095589000,0+600,0+700,387,,,,,
4073 - JL SUHADA HAJI,388,1273.49095589000,0+700,0+800,388,,,,,
4073 - JL SUHADA HAJI,389,1273.49095589000,0+800,0+900,389,,,,,
4073 - JL SUHADA HAJI,390,1273.49095589000,0+900,1+000,390,,,,,
4073 - JL SUHADA HAJI,391,1273.49095589000,1+000,1+100,391,,,,,
4073 - JL SUHADA HAJI,392,1273.49095589000,1+200,1+273,392,,,,,
4074 - JL. KUTILANG,394,159.41779441000,0+000,0+100,394,,,,,
4075 - JL. JL. MANYAR,396,587.81234804000,0+000,0+100,396,,,,,
4075 - JL. JL. MANYAR,397,587.81234804000,0+100,0+200,397,2022,1 juli 2022,pemeliharaan rutin,baik,aspal
4075 - JL. JL. MANYAR,398,587.81234804000,0+200,0+300,398,2022,1 juli 2022,pemeliharaan rutin,baik,aspal
4075 - JL. JL. MANYAR,399,587.81234804000,0+300,0+400,399,2022,1 juli 2022,pemeliharaan rutin,baik,aspal
4075 - JL. JL. MANYAR,400,587.81234804000,0+500,0+587,400,2022,1 juli 2022,pemeliharaan rutin,baik,aspal
4076 - JL. S. PARMAN,402,212.72821791000,0+000,0+100,402,2022,1 juli 2022,pemeliharaan rutin,baik,aspal
4076 - JL. S. PARMAN,403,212.72821791000,0+200,0+212,403,2022,1 juli 2022,pemeliharaan rutin,baik,aspal
4077 - JL. PANJAITAN,405,608.25528260300,0+000,0+100,405,2022,1 juli 2022,pemeliharaan rutin,baik,aspal
4077 - JL. PANJAITAN,406,608.25528260300,0+100,0+200,406,2022,1 juli 2022,pemeliharaan rutin,baik,aspal
4077 - JL. PANJAITAN,407,608.25528260300,0+200,0+300,407,2022,1 juli 2022,pemeliharaan rutin,baik,aspal
4077 - JL. PANJAITAN,408,608.25528260300,0+300,0+400,408,2022,1 juli 2022,pemeliharaan rutin,baik,aspal
4077 - JL. PANJAITAN,409,608.25528260300,0+400,0+500,409,2022,1 juli 2022,pemeliharaan rutin,baik,aspal
4077 - JL. PANJAITAN,410,608.25528260300,0+600,0+608,410,2022,1 juli 2022,pemeliharaan rutin,baik,aspal
4078 - JL. SUMATRA,412,197.59607567900,0+000,0+100,412,2022,1 juli 2022,pemeliharaan rutin,baik,aspal
4080 - JL. KALIMANTAN,415,395.86291941400,0+000,0+100,415,2022,1 juli 2022,pemeliharaan rutin,baik,aspal
4080 - JL. KALIMANTAN,416,395.86291941400,0+100,0+200,416,2022,1 juli 2022,pemeliharaan rutin,baik,aspal
4080 - JL. KALIMANTAN,417,395.86291941400,0+300,0+300,417,2022,1 juli 2022,pemeliharaan rutin,baik,aspal
4081 - JL. MADURA,419,353.75838164800,0+000,0+100,419,2022,1 juli 2022,pemeliharaan rutin,baik,aspal
4081 - JL. MADURA,420,353.75838164800,0+100,0+200,420,2022,1 juli 2022,pemeliharaan rutin,baik,aspal
4081 - JL. MADURA,421,353.75838164800,0+300,0+353,421,2022,1 juli 2022,pemeliharaan rutin,baik,aspal
4082 - JL. SULAWESI,423,192.24043788000,0+000,0+100,423,2022,1 juli 2022,pemeliharaan rutin,baik,aspal
4084 - JL. SUMBAWA,426,212.44624901900,0+000,0+100,426,2022,1 juli 2022,pemeliharaan rutin,baik,aspal
4084 - JL. SUMBAWA,427,212.44624901900,0+200,0+212,427,2022,1 juli 2022,pemeliharaan rutin,baik,aspal
4085 - JL. CENDRAWASIH,429,385.05539182300,0+000,0+100,429,2022,1 juli 2022,pemeliharaan rutin,baik,aspal
4085 - JL. CENDRAWASIH,430,385.05539182300,0+100,0+200,430,,,,,
4085 - JL. CENDRAWASIH,431,385.05539182300,0+300,0+385,431,,,,,
4086 - JL. RAJAWALI,433,694.68675667100,0+000,0+100,433,,,,,
4086 - JL. RAJAWALI,434,694.68675667100,0+100,0+200,434,,,,,
4086 - JL. RAJAWALI,435,694.68675667100,0+200,0+300,435,,,,,
4086 - JL. RAJAWALI,436,694.68675667100,0+300,0+400,436,,,,,
4086 - JL. RAJAWALI,437,694.68675667100,0+400,0+500,437,,,,,
4086 - JL. RAJAWALI,438,694.68675667100,0+600,0+694,438,,,,,
4087 - JL. MENUR,440,319.35300893800,0+000,0+100,440,,,,,
4087 - JL. MENUR,441,319.35300893800,0+100,0+200,441,,,,,
4087 - JL. MENUR,442,319.35300893800,0+300,0+319,442,,,,,
4088 - JL. NIAS,444,285.03591913600,0+000,0+100,444,,,,,
4088 - JL. NIAS,445,285.03591913600,0+200,0+285,445,,,,,
4089 - JL. KENARI,447,657.00116993000,0+000,0+100,447,,,,,
4089 - JL. KENARI,448,657.00116993000,0+100,0+200,448,,,,,
4089 - JL. KENARI,449,657.00116993000,0+200,0+300,449,,,,,
4089 - JL. KENARI,450,657.00116993000,0+300,0+400,450,,,,,
4089 - JL. KENARI,451,657.00116993000,0+400,0+500,451,,,,,
4089 - JL. KENARI,452,657.00116993000,0+600,0+657,452,,,,,
4090 - JL. PARKIT,454,291.26954464800,0+000,0+100,454,,,,,
4090 - JL. PARKIT,455,291.26954464800,0+200,0+291,455,,,,,
4091 - JL. BETET,457,797.86521984500,0+000,0+100,457,,,,,
4091 - JL. BETET,458,797.86521984500,0+100,0+200,458,,,,,
4091 - JL. BETET,459,797.86521984500,0+200,0+300,459,,,,,
4091 - JL. BETET,460,797.86521984500,0+300,0+400,460,,,,,
4091 - JL. BETET,461,797.86521984500,0+400,0+500,461,,,,,
4091 - JL. BETET,462,797.86521984500,0+500,0+600,462,,,,,
4091 - JL. BETET,463,797.86521984500,0+700,0+797,463,,,,,
4092 - JL. SRITI,465,592.57136006800,0+000,0+100,465,,,,,
4092 - JL. SRITI,466,592.57136006800,0+100,0+200,466,,,,,
4092 - JL. SRITI,467,592.57136006800,0+200,0+300,467,,,,,
4092 - JL. SRITI,468,592.57136006800,0+300,0+400,468,,,,,
4092 - JL. SRITI,469,592.57136006800,0+500,0+592,469,,,,,
4094 - JL. CEMPAKA II,472,128.91534048900,0+000,0+100,472,,,,,
4095 - JL. CEMPAKA III,474,153.06134520100,0+000,0+100,474,,,,,
4097 - JL. ANGGREK II,476,197.97097587100,0+000,0+100,476,,,,,
4098 - JL. JUANDA,478,2348.19164622000,0+000,0+100,478,,,,,
4098 - JL. JUANDA,479,2348.19164622000,0+100,0+200,479,,,,,
4098 - JL. JUANDA,480,2348.19164622000,0+200,0+300,480,,,,,
4098 - JL. JUANDA,481,2348.19164622000,0+300,0+400,481,,,,,
4098 - JL. JUANDA,482,2348.19164622000,0+400,0+500,482,,,,,
4098 - JL. JUANDA,483,2348.19164622000,0+500,0+600,483,,,,,
4098 - JL. JUANDA,484,2348.19164622000,0+600,0+700,484,,,,,
4098 - JL. JUANDA,485,2348.19164622000,0+700,0+800,485,,,,,
4098 - JL. JUANDA,486,2348.19164622000,0+800,0+900,486,,,,,
4098 - JL. JUANDA,487,2348.19164622000,0+900,1+000,487,,,,,
4098 - JL. JUANDA,488,2348.19164622000,1+000,1+100,488,,,,,
4098 - JL. JUANDA,489,2348.19164622000,1+100,1+200,489,,,,,
4098 - JL. JUANDA,490,2348.19164622000,1+200,1+300,490,,,,,
4098 - JL. JUANDA,491,2348.19164622000,1+300,1+400,491,,,,,
4098 - JL. JUANDA,492,2348.19164622000,1+400,1+500,492,,,,,
4098 - JL. JUANDA,493,2348.19164622000,1+500,1+600,493,,,,,
4098 - JL. JUANDA,494,2348.19164622000,1+600,1+700,494,,,,,
4098 - JL. JUANDA,495,2348.19164622000,1+700,1+800,495,,,,,
4098 - JL. JUANDA,496,2348.19164622000,1+800,1+900,496,,,,,
4098 - JL. JUANDA,497,2348.19164622000,1+900,2+000,497,,,,,
4098 - JL. JUANDA,498,2348.19164622000,2+000,2+100,498,,,,,
4098 - JL. JUANDA,499,2348.19164622000,2+100,2+200,499,,,,,
4098 - JL. JUANDA,500,2348.19164622000,2+300,2+348,500,2022,1 juli 2022,pemeliharaan rutin,baik,aspal
4099 - JL. PROGO,502,678.32983934200,0+000,0+100,502,2022,1 juli 2022,pemeliharaan rutin,baik,aspal
4099 - JL. PROGO,503,678.32983934200,0+100,0+200,503,2022,1 juli 2022,pemeliharaan rutin,baik,aspal
4099 - JL. PROGO,504,678.32983934200,0+200,0+300,504,2022,1 juli 2022,pemeliharaan rutin,baik,aspal
4099 - JL. PROGO,505,678.32983934200,0+300,0+400,505,2022,1 juli 2022,pemeliharaan rutin,baik,aspal
4099 - JL. PROGO,506,678.32983934200,0+400,0+500,506,2022,1 juli 2022,pemeliharaan rutin,baik,aspal
4099 - JL. PROGO,507,678.32983934200,0+600,0+678,507,2022,1 juli 2022,pemeliharaan rutin,baik,aspal
4101 - JL. RUSUNAWA,509,286.27587689900,0+000,0+100,509,2022,1 juli 2022,pemeliharaan rutin,baik,aspal
4101 - JL. RUSUNAWA,510,286.27587689900,0+200,0+286,510,2022,1 juli 2022,pemeliharaan rutin,baik,aspal
4102 - JL. MERPATI (MEJAYAN),512,258.00740021800,0+000,0+100,512,2022,1 juli 2022,pemeliharaan rutin,baik,aspal
4102 - JL. MERPATI (MEJAYAN),513,258.00740021800,0+200,0+258,513,2022,1 juli 2022,pemeliharaan rutin,baik,aspal
4103 - JL. IRIAN JAYA,515,439.90107498900,0+000,0+100,515,2022,1 juli 2022,pemeliharaan rutin,baik,aspal
4103 - JL. IRIAN JAYA,516,439.90107498900,0+100,0+200,516,2022,1 juli 2022,pemeliharaan rutin,baik,aspal
4103 - JL. IRIAN JAYA,517,439.90107498900,0+200,0+300,517,2022,1 juli 2022,pemeliharaan rutin,baik,aspal
4103 - JL. IRIAN JAYA,518,439.90107498900,0+400,0+439,518,2022,1 juli 2022,pemeliharaan rutin,baik,aspal
4104 - JL. PRAWIRO DIPURAN,520,360.67387664600,0+000,0+100,520,2022,1 juli 2022,pemeliharaan rutin,baik,aspal
4104 - JL. PRAWIRO DIPURAN,521,360.67387664600,0+100,0+200,521,2022,1 juli 2022,pemeliharaan rutin,baik,aspal
4104 - JL. PRAWIRO DIPURAN,522,360.67387664600,0+300,0+360,522,2022,1 juli 2022,pemeliharaan rutin,baik,aspal
4105 - JL. KURMA RAJA,524,466.72191802300,0+000,0+100,524,2022,1 juli 2022,pemeliharaan rutin,baik,aspal
4105 - JL. KURMA RAJA,525,466.72191802300,0+100,0+200,525,2022,1 juli 2022,pemeliharaan rutin,baik,aspal
4105 - JL. KURMA RAJA,526,466.72191802300,0+200,0+300,526,2022,1 juli 2022,pemeliharaan rutin,baik,aspal
4105 - JL. KURMA RAJA,527,466.72191802300,0+400,0+466,527,2022,1 juli 2022,pemeliharaan rutin,baik,aspal
4201 - JL. NGAGEL,529,1325.85497889000,0+000,0+100,529,2022,1 juli 2022,pemeliharaan rutin,baik,aspal
4201 - JL. NGAGEL,530,1325.85497889000,0+100,0+200,530,,,,,
4201 - JL. NGAGEL,531,1325.85497889000,0+200,0+300,531,,,,,
4201 - JL. NGAGEL,532,1325.85497889000,0+300,0+400,532,,,,,
4201 - JL. NGAGEL,533,1325.85497889000,0+400,0+500,533,,,,,
4201 - JL. NGAGEL,534,1325.85497889000,0+500,0+600,534,,,,,
4201 - JL. NGAGEL,535,1325.85497889000,0+600,0+700,535,,,,,
4201 - JL. NGAGEL,536,1325.85497889000,0+700,0+800,536,,,,,
4201 - JL. NGAGEL,537,1325.85497889000,0+800,0+900,537,,,,,
4201 - JL. NGAGEL,538,1325.85497889000,0+900,1+000,538,,,,,
4201 - JL. NGAGEL,539,1325.85497889000,1+000,1+100,539,,,,,
4201 - JL. NGAGEL,540,1325.85497889000,1+100,1+200,540,,,,,
4201 - JL. NGAGEL,541,1325.85497889000,1+300,1+325,541,,,,,
4202 - JL. JANOKO,543,1132.68715871000,0+000,0+100,543,,,,,
4202 - JL. JANOKO,544,1132.68715871000,0+100,0+200,544,,,,,
4202 - JL. JANOKO,545,1132.68715871000,0+200,0+300,545,,,,,
4202 - JL. JANOKO,546,1132.68715871000,0+300,0+400,546,,,,,
4202 - JL. JANOKO,547,1132.68715871000,0+400,0+500,547,,,,,
4202 - JL. JANOKO,548,1132.68715871000,0+500,0+600,548,,,,,
4202 - JL. JANOKO,549,1132.68715871000,0+600,0+700,549,,,,,
4202 - JL. JANOKO,550,1132.68715871000,0+700,0+800,550,,,,,
4202 - JL. JANOKO,551,1132.68715871000,0+800,0+900,551,,,,,
4202 - JL. JANOKO,552,1132.68715871000,0+900,1+000,552,,,,,
4202 - JL. JANOKO,553,1132.68715871000,1+100,1+132,553,,,,,
4203 - JL. SEDAH,555,1862.65725332000,0+000,0+100,555,,,,,
4203 - JL. SEDAH,556,1862.65725332000,0+100,0+200,556,,,,,
4203 - JL. SEDAH,557,1862.65725332000,0+200,0+300,557,,,,,
4203 - JL. SEDAH,558,1862.65725332000,0+300,0+400,558,,,,,
4203 - JL. SEDAH,559,1862.65725332000,0+400,0+500,559,,,,,
4203 - JL. SEDAH,560,1862.65725332000,0+500,0+600,560,,,,,
4203 - JL. SEDAH,561,1862.65725332000,0+600,0+700,561,,,,,
4203 - JL. SEDAH,562,1862.65725332000,0+700,0+800,562,,,,,
4203 - JL. SEDAH,563,1862.65725332000,0+800,0+900,563,,,,,
4203 - JL. SEDAH,564,1862.65725332000,0+900,1+000,564,,,,,
4203 - JL. SEDAH,565,1862.65725332000,1+000,1+100,565,,,,,
4203 - JL. SEDAH,566,1862.65725332000,1+100,1+200,566,,,,,
4203 - JL. SEDAH,567,1862.65725332000,1+200,1+300,567,,,,,
4203 - JL. SEDAH,568,1862.65725332000,1+300,1+400,568,,,,,
4203 - JL. SEDAH,569,1862.65725332000,1+400,1+500,569,,,,,
4203 - JL. SEDAH,570,1862.65725332000,1+500,1+600,570,,,,,
4203 - JL. SEDAH,571,1862.65725332000,1+600,1+700,571,,,,,
4203 - JL. SEDAH,572,1862.65725332000,1+800,1+862,572,,,,,
4204 - JL. SASONO LOYO,574,521.67098022900,0+000,0+100,574,,,,,
4204 - JL. SASONO LOYO,575,521.67098022900,0+100,0+200,575,,,,,
4204 - JL. SASONO LOYO,576,521.67098022900,0+200,0+300,576,,,,,
4204 - JL. SASONO LOYO,577,521.67098022900,0+300,0+400,577,,,,,
4204 - JL. SASONO LOYO,578,521.67098022900,0+500,0+521,578,,,,,
4205 - JL. KEBODALEM,580,531.35360653700,0+000,0+100,580,,,,,
4205 - JL. KEBODALEM,581,531.35360653700,0+100,0+200,581,,,,,
4205 - JL. KEBODALEM,582,531.35360653700,0+200,0+300,582,,,,,
4205 - JL. KEBODALEM,583,531.35360653700,0+300,0+400,583,,,,,
4205 - JL. KEBODALEM,584,531.35360653700,0+500,0+531,584,,,,,
4206 - JL. SIDODADI,586,462.79544994400,0+000,0+100,586,,,,,
4206 - JL. SIDODADI,587,462.79544994400,0+100,0+200,587,,,,,
4206 - JL. SIDODADI,588,462.79544994400,0+200,0+300,588,,,,,
4206 - JL. SIDODADI,589,462.79544994400,0+400,0+462,589,,,,,
4207 - JL. TEGALREJO,591,2332.83407444000,0+000,0+100,591,,,,,
4207 - JL. TEGALREJO,592,2332.83407444000,0+100,0+200,592,,,,,
4207 - JL. TEGALREJO,593,2332.83407444000,0+200,0+300,593,,,,,
4207 - JL. TEGALREJO,594,2332.83407444000,0+300,0+400,594,2022,1 juli 2022,pemeliharaan rutin,baik,aspal
4207 - JL. TEGALREJO,595,2332.83407444000,0+400,0+500,595,2022,1 juli 2022,pemeliharaan rutin,baik,aspal
4207 - JL. TEGALREJO,596,2332.83407444000,0+500,0+600,596,2022,1 juli 2022,pemeliharaan rutin,baik,aspal
4207 - JL. TEGALREJO,597,2332.83407444000,0+600,0+700,597,2022,1 juli 2022,pemeliharaan rutin,baik,aspal
4207 - JL. TEGALREJO,598,2332.83407444000,0+700,0+800,598,2022,1 juli 2022,pemeliharaan rutin,baik,aspal
4207 - JL. TEGALREJO,599,2332.83407444000,0+800,0+900,599,2022,1 juli 2022,pemeliharaan rutin,baik,aspal
4207 - JL. TEGALREJO,600,2332.83407444000,0+900,1+000,600,2022,1 juli 2022,pemeliharaan rutin,baik,aspal
4207 - JL. TEGALREJO,601,2332.83407444000,1+000,1+100,601,2022,1 juli 2022,pemeliharaan rutin,baik,aspal
4207 - JL. TEGALREJO,602,2332.83407444000,1+100,1+200,602,2022,1 juli 2022,pemeliharaan rutin,baik,aspal
4207 - JL. TEGALREJO,603,2332.83407444000,1+200,1+300,603,2022,1 juli 2022,pemeliharaan rutin,baik,aspal
4207 - JL. TEGALREJO,604,2332.83407444000,1+300,1+400,604,2022,1 juli 2022,pemeliharaan rutin,baik,aspal
4207 - JL. TEGALREJO,605,2332.83407444000,1+400,1+500,605,2022,1 juli 2022,pemeliharaan rutin,baik,aspal
4207 - JL. TEGALREJO,606,2332.83407444000,1+500,1+600,606,2022,1 juli 2022,pemeliharaan rutin,baik,aspal
4207 - JL. TEGALREJO,607,2332.83407444000,1+600,1+700,607,2022,1 juli 2022,pemeliharaan rutin,baik,aspal
4207 - JL. TEGALREJO,608,2332.83407444000,1+700,1+800,608,2022,1 juli 2022,pemeliharaan rutin,baik,aspal
4207 - JL. TEGALREJO,609,2332.83407444000,1+800,1+900,609,2022,1 juli 2022,pemeliharaan rutin,baik,aspal
4207 - JL. TEGALREJO,610,2332.83407444000,1+900,2+000,610,2022,1 juli 2022,pemeliharaan rutin,baik,aspal
4207 - JL. TEGALREJO,611,2332.83407444000,2+000,2+100,611,2022,1 juli 2022,pemeliharaan rutin,baik,aspal
4207 - JL. TEGALREJO,612,2332.83407444000,2+100,2+200,612,2022,1 juli 2022,pemeliharaan rutin,baik,aspal
4207 - JL. TEGALREJO,613,2332.83407444000,2+300,2+332,613,2022,1 juli 2022,pemeliharaan rutin,baik,aspal
4208 - JL. NGRAWAN II,615,1413.45276358000,0+000,0+100,615,2022,1 juli 2022,pemeliharaan rutin,baik,aspal
4208 - JL. NGRAWAN II,616,1413.45276358000,0+100,0+200,616,2022,1 juli 2022,pemeliharaan rutin,baik,aspal
4208 - JL. NGRAWAN II,617,1413.45276358000,0+200,0+300,617,2022,1 juli 2022,pemeliharaan rutin,baik,aspal
4208 - JL. NGRAWAN II,618,1413.45276358000,0+300,0+400,618,,,,,
4208 - JL. NGRAWAN II,619,1413.45276358000,0+400,0+500,619,,,,,
4208 - JL. NGRAWAN II,620,1413.45276358000,0+500,0+600,620,,,,,
4208 - JL. NGRAWAN II,621,1413.45276358000,0+600,0+700,621,,,,,
4208 - JL. NGRAWAN II,622,1413.45276358000,0+700,0+800,622,,,,,
4208 - JL. NGRAWAN II,623,1413.45276358000,0+800,0+900,623,,,,,
4208 - JL. NGRAWAN II,624,1413.45276358000,0+900,1+000,624,,,,,
4208 - JL. NGRAWAN II,625,1413.45276358000,1+000,1+100,625,,,,,
4208 - JL. NGRAWAN II,626,1413.45276358000,1+100,1+200,626,,,,,
4208 - JL. NGRAWAN II,627,1413.45276358000,1+200,1+300,627,,,,,
4208 - JL. NGRAWAN II,628,1413.45276358000,1+400,1+400,628,,,,,
4209 - JL. KEMANTREN,630,826.44605615700,0+000,0+100,630,,,,,
4209 - JL. KEMANTREN,631,826.44605615700,0+100,0+200,631,,,,,
4209 - JL. KEMANTREN,632,826.44605615700,0+200,0+300,632,,,,,
4209 - JL. KEMANTREN,633,826.44605615700,0+300,0+400,633,,,,,
4209 - JL. KEMANTREN,634,826.44605615700,0+400,0+500,634,,,,,
4209 - JL. KEMANTREN,635,826.44605615700,0+500,0+600,635,,,,,
4209 - JL. KEMANTREN,636,826.44605615700,0+600,0+700,636,,,,,
4209 - JL. KEMANTREN,637,826.44605615700,0+800,0+826,637,,,,,
4210 - JL. NGRAWAN I,639,1155.42791786000,0+000,0+100,639,,,,,
4210 - JL. NGRAWAN I,640,1155.42791786000,0+100,0+200,640,,,,,
4210 - JL. NGRAWAN I,641,1155.42791786000,0+200,0+300,641,,,,,
4210 - JL. NGRAWAN I,642,1155.42791786000,0+300,0+400,642,,,,,
4210 - JL. NGRAWAN I,643,1155.42791786000,0+400,0+500,643,,,,,
4210 - JL. NGRAWAN I,644,1155.42791786000,0+500,0+600,644,,,,,
4210 - JL. NGRAWAN I,645,1155.42791786000,0+600,0+700,645,,,,,
4210 - JL. NGRAWAN I,646,1155.42791786000,0+700,0+800,646,,,,,
4210 - JL. NGRAWAN I,647,1155.42791786000,0+800,0+900,647,,,,,
4210 - JL. NGRAWAN I,648,1155.42791786000,0+900,1+000,648,,,,,
4210 - JL. NGRAWAN I,649,1155.42791786000,1+100,1+155,649,,,,,
4211 - JL. PANCA UPAYA,651,961.61411783500,0+000,0+100,651,,,,,
4211 - JL. PANCA UPAYA,652,961.61411783500,0+100,0+200,652,,,,,
4211 - JL. PANCA UPAYA,653,961.61411783500,0+200,0+300,653,,,,,
4211 - JL. PANCA UPAYA,654,961.61411783500,0+300,0+400,654,,,,,
4211 - JL. PANCA UPAYA,655,961.61411783500,0+400,0+500,655,,,,,
4211 - JL. PANCA UPAYA,656,961.61411783500,0+500,0+600,656,,,,,
4211 - JL. PANCA UPAYA,657,961.61411783500,0+600,0+700,657,,,,,
4211 - JL. PANCA UPAYA,658,961.61411783500,0+700,0+800,658,,,,,
4211 - JL. PANCA UPAYA,659,961.61411783500,0+900,0+961,659,,,,,
4212 - JL. JEBLOK,660,1306.86555615000,0+000,0+100,660,,,,,
4212 - JL. JEBLOK,661,1306.86555615000,0+100,0+200,661,,,,,
4212 - JL. JEBLOK,662,1306.86555615000,0+200,0+300,662,,,,,
4212 - JL. JEBLOK,663,1306.86555615000,0+300,0+400,663,,,,,
4212 - JL. JEBLOK,664,1306.86555615000,0+400,0+500,664,,,,,
4212 - JL. JEBLOK,665,1306.86555615000,0+500,0+600,665,,,,,
4212 - JL. JEBLOK,666,1306.86555615000,0+600,0+700,666,,,,,
4212 - JL. JEBLOK,667,1306.86555615000,0+700,0+800,667,,,,,
4212 - JL. JEBLOK,668,1306.86555615000,0+800,0+900,668,,,,,
4212 - JL. JEBLOK,669,1306.86555615000,0+900,1+000,669,,,,,
4212 - JL. JEBLOK,670,1306.86555615000,1+000,1+100,670,,,,,
4212 - JL. JEBLOK,671,1306.86555615000,1+100,1+200,671,,,,,
4212 - JL. JEBLOK,672,1306.86555615000,1+300,1+306,672,,,,,
4212 - JL. JEBLOK,673,1306.86555615000,1+200,1+300,673,,,,,
4213 - JL. KERTO RAHARJO,675,585.99744852400,0+000,0+100,675,,,,,
4213 - JL. KERTO RAHARJO,676,585.99744852400,0+100,0+200,676,,,,,
4213 - JL. KERTO RAHARJO,677,585.99744852400,0+200,0+300,677,,,,,
4213 - JL. KERTO RAHARJO,678,585.99744852400,0+300,0+400,678,,,,,
4213 - JL. KERTO RAHARJO,679,585.99744852400,0+500,0+585,679,,,,,
4214 - JL. PANJANG PUNJUNG,681,2074.50368773000,0+000,0+100,681,2022,1 juli 2022,pemeliharaan rutin,baik,aspal
4214 - JL. PANJANG PUNJUNG,682,2074.50368773000,0+100,0+200,682,2022,1 juli 2022,pemeliharaan rutin,baik,aspal
4214 - JL. PANJANG PUNJUNG,683,2074.50368773000,0+200,0+300,683,2022,1 juli 2022,pemeliharaan rutin,baik,aspal
4214 - JL. PANJANG PUNJUNG,684,2074.50368773000,0+300,0+400,684,2022,1 juli 2022,pemeliharaan rutin,baik,aspal
4214 - JL. PANJANG PUNJUNG,685,2074.50368773000,0+400,0+500,685,2022,1 juli 2022,pemeliharaan rutin,baik,aspal
4214 - JL. PANJANG PUNJUNG,686,2074.50368773000,0+500,0+600,686,2022,1 juli 2022,pemeliharaan rutin,baik,aspal
4214 - JL. PANJANG PUNJUNG,687,2074.50368773000,0+600,0+700,687,2022,1 juli 2022,pemeliharaan rutin,baik,aspal
4214 - JL. PANJANG PUNJUNG,688,2074.50368773000,0+700,0+800,688,2022,1 juli 2022,pemeliharaan rutin,baik,aspal
4214 - JL. PANJANG PUNJUNG,689,2074.50368773000,0+800,0+900,689,2022,1 juli 2022,pemeliharaan rutin,baik,aspal
4214 - JL. PANJANG PUNJUNG,690,2074.50368773000,0+900,1+000,690,2022,1 juli 2022,pemeliharaan rutin,baik,aspal
4214 - JL. PANJANG PUNJUNG,691,2074.50368773000,1+000,1+100,691,2022,1 juli 2022,pemeliharaan rutin,baik,aspal
4214 - JL. PANJANG PUNJUNG,692,2074.50368773000,1+100,1+200,692,2022,1 juli 2022,pemeliharaan rutin,baik,aspal
4214 - JL. PANJANG PUNJUNG,693,2074.50368773000,1+200,1+300,693,2022,1 juli 2022,pemeliharaan rutin,baik,aspal
4214 - JL. PANJANG PUNJUNG,694,2074.50368773000,1+300,1+400,694,2022,1 juli 2022,pemeliharaan rutin,baik,aspal
4214 - JL. PANJANG PUNJUNG,695,2074.50368773000,1+400,1+500,695,2022,1 juli 2022,pemeliharaan rutin,baik,aspal
4214 - JL. PANJANG PUNJUNG,696,2074.50368773000,1+500,1+600,696,2022,1 juli 2022,pemeliharaan rutin,baik,aspal
4214 - JL. PANJANG PUNJUNG,697,2074.50368773000,1+600,1+700,697,2022,1 juli 2022,pemeliharaan rutin,baik,aspal
4214 - JL. PANJANG PUNJUNG,698,2074.50368773000,1+700,1+800,698,2022,1 juli 2022,pemeliharaan rutin,baik,aspal
4214 - JL. PANJANG PUNJUNG,699,2074.50368773000,1+800,1+900,699,2022,1 juli 2022,pemeliharaan rutin,baik,aspal
4214 - JL. PANJANG PUNJUNG,700,2074.50368773000,2+000,2+074,700,2022,1 juli 2022,pemeliharaan rutin,baik,aspal
4215 - JL. GEMAH RIPAH,702,712.50898891000,0+000,0+100,702,2022,1 juli 2022,pemeliharaan rutin,baik,aspal
4215 - JL. GEMAH RIPAH,703,712.50898891000,0+100,0+200,703,2022,1 juli 2022,pemeliharaan rutin,baik,aspal
4215 - JL. GEMAH RIPAH,704,712.50898891000,0+200,0+300,704,2022,1 juli 2022,pemeliharaan rutin,baik,aspal
4215 - JL. GEMAH RIPAH,705,712.50898891000,0+300,0+400,705,,,,,
4215 - JL. GEMAH RIPAH,706,712.50898891000,0+400,0+500,706,,,,,
4215 - JL. GEMAH RIPAH,707,712.50898891000,0+500,0+600,707,,,,,
4215 - JL. GEMAH RIPAH,708,712.50898891000,0+700,0+712,708,,,,,
4216 - JL. SIDOASIH,710,361.34353677800,0+000,0+100,710,,,,,
4216 - JL. SIDOASIH,711,361.34353677800,0+100,0+200,711,,,,,
4216 - JL. SIDOASIH,712,361.34353677800,0+300,0+361,712,,,,,
4217 - JL. TEGAL ARUM,714,1552.15940249000,0+000,0+100,714,,,,,
4217 - JL. TEGAL ARUM,715,1552.15940249000,0+100,0+200,715,,,,,
4217 - JL. TEGAL ARUM,716,1552.15940249000,0+200,0+300,716,,,,,
4217 - JL. TEGAL ARUM,717,1552.15940249000,0+300,0+400,717,,,,,
4217 - JL. TEGAL ARUM,718,1552.15940249000,0+400,0+500,718,,,,,
4217 - JL. TEGAL ARUM,719,1552.15940249000,0+500,0+600,719,,,,,
4217 - JL. TEGAL ARUM,720,1552.15940249000,0+600,0+700,720,,,,,
4217 - JL. TEGAL ARUM,721,1552.15940249000,0+700,0+800,721,,,,,
4217 - JL. TEGAL ARUM,722,1552.15940249000,0+800,0+900,722,,,,,
4217 - JL. TEGAL ARUM,723,1552.15940249000,0+900,1+000,723,,,,,
4217 - JL. TEGAL ARUM,724,1552.15940249000,1+000,1+100,724,,,,,
4217 - JL. TEGAL ARUM,725,1552.15940249000,1+100,1+200,725,,,,,
4217 - JL. TEGAL ARUM,726,1552.15940249000,1+200,1+300,726,,,,,
4217 - JL. TEGAL ARUM,727,1552.15940249000,1+300,1+400,727,,,,,
4217 - JL. TEGAL ARUM,728,1552.15940249000,1+500,1+552,728,,,,,
4218 - JL. SIDOMUKTI,730,858.69791372800,0+000,0+100,730,,,,,
4218 - JL. SIDOMUKTI,731,858.69791372800,0+100,0+200,731,,,,,
4218 - JL. SIDOMUKTI,732,858.69791372800,0+200,0+300,732,,,,,
4218 - JL. SIDOMUKTI,733,858.69791372800,0+300,0+400,733,,,,,
4218 - JL. SIDOMUKTI,734,858.69791372800,0+400,0+500,734,,,,,
4218 - JL. SIDOMUKTI,735,858.69791372800,0+500,0+600,735,,,,,
4218 - JL. SIDOMUKTI,736,858.69791372800,0+600,0+700,736,,,,,
4218 - JL. SIDOMUKTI,737,858.69791372800,0+800,0+858,737,,,,,
4219 - JL. SIDOMULYO,739,748.63588736900,0+000,0+100,739,,,,,
4219 - JL. SIDOMULYO,740,748.63588736900,0+100,0+200,740,,,,,
4219 - JL. SIDOMULYO,741,748.63588736900,0+200,0+300,741,,,,,
4219 - JL. SIDOMULYO,742,748.63588736900,0+300,0+400,742,,,,,
4219 - JL. SIDOMULYO,743,748.63588736900,0+400,0+500,743,,,,,
4219 - JL. SIDOMULYO,744,748.63588736900,0+500,0+600,744,,,,,
4219 - JL. SIDOMULYO,745,748.63588736900,0+700,0+748,745,,,,,
4220 - JL. WAKIDUN,747,204.66535392100,0+000,0+100,747,,,,,
4220 - JL. WAKIDUN,748,204.66535392100,0+200,0+204,748,,,,,
4221 - JL. SIDO AGUNG,750,444.96372360100,0+000,0+100,750,,,,,
4221 - JL. SIDO AGUNG,751,444.96372360100,0+100,0+200,751,,,,,
4221 - JL. SIDO AGUNG,752,444.96372360100,0+200,0+300,752,,,,,
4221 - JL. SIDO AGUNG,753,444.96372360100,0+400,0+444,753,,,,,
4222 - JL. PASIR WUKIR,755,385.24984704800,0+000,0+100,755,,,,,
4222 - JL. PASIR WUKIR,756,385.24984704800,0+100,0+200,756,,,,,
4222 - JL. PASIR WUKIR,757,385.24984704800,0+300,0+385,757,,,,,
4223 - JL. TOTO TERTIB,759,413.51647972500,0+000,0+100,759,,,,,
4223 - JL. TOTO TERTIB,760,413.51647972500,0+100,0+200,760,,,,,
4223 - JL. TOTO TERTIB,761,413.51647972500,0+200,0+300,761,,,,,
4223 - JL. TOTO TERTIB,762,413.51647972500,0+400,0+413,762,,,,,
4224 - JL. BERBUDI,764,485.79429328200,0+000,0+100,764,,,,,
4224 - JL. BERBUDI,765,485.79429328200,0+100,0+200,765,,,,,
4224 - JL. BERBUDI,766,485.79429328200,0+200,0+300,766,,,,,
4224 - JL. BERBUDI,767,485.79429328200,0+400,0+485,767,,,,,
4225 - JL. JUWET/SURO,769,434.43253240900,0+000,0+100,769,,,,,
4225 - JL. JUWET/SURO,770,434.43253240900,0+100,0+200,770,,,,,
4225 - JL. JUWET/SURO,771,434.43253240900,0+200,0+300,771,,,,,
4225 - JL. JUWET/SURO,772,434.43253240900,0+400,0+434,772,,,,,
4226 - JL. PUNDEN,774,622.27962137100,0+000,0+100,774,2022,1 juli 2022,pemeliharaan rutin,baik,aspal
4226 - JL. PUNDEN,775,622.27962137100,0+100,0+200,775,2022,1 juli 2022,pemeliharaan rutin,baik,aspal
4226 - JL. PUNDEN,776,622.27962137100,0+200,0+300,776,2022,1 juli 2022,pemeliharaan rutin,baik,aspal
4226 - JL. PUNDEN,777,622.27962137100,0+300,0+400,777,2022,1 juli 2022,pemeliharaan rutin,baik,aspal
4226 - JL. PUNDEN,778,622.27962137100,0+400,0+500,778,2022,1 juli 2022,pemeliharaan rutin,baik,aspal
4226 - JL. PUNDEN,779,622.27962137100,0+600,0+622,779,2022,1 juli 2022,pemeliharaan rutin,baik,aspal
4227 - JL. PERHUTANI,781,746.67467471800,0+000,0+100,781,2022,1 juli 2022,pemeliharaan rutin,baik,aspal
4227 - JL. PERHUTANI,782,746.67467471800,0+100,0+200,782,2022,1 juli 2022,pemeliharaan rutin,baik,aspal
4227 - JL. PERHUTANI,783,746.67467471800,0+200,0+300,783,2022,1 juli 2022,pemeliharaan rutin,baik,aspal
4227 - JL. PERHUTANI,784,746.67467471800,0+300,0+400,784,2022,1 juli 2022,pemeliharaan rutin,baik,aspal
4227 - JL. PERHUTANI,785,746.67467471800,0+400,0+500,785,2022,1 juli 2022,pemeliharaan rutin,baik,aspal
4227 - JL. PERHUTANI,786,746.67467471800,0+500,0+600,786,2022,1 juli 2022,pemeliharaan rutin,baik,aspal
4227 - JL. PERHUTANI,787,746.67467471800,0+700,0+746,787,2022,1 juli 2022,pemeliharaan rutin,baik,aspal
4228 - JL. M.I. BUNGA BANGSA,789,725.51840692900,0+000,0+100,789,2022,1 juli 2022,pemeliharaan rutin,baik,aspal
4228 - JL. M.I. BUNGA BANGSA,790,725.51840692900,0+100,0+200,790,2022,1 juli 2022,pemeliharaan rutin,baik,aspal
4228 - JL. M.I. BUNGA BANGSA,791,725.51840692900,0+200,0+300,791,2022,1 juli 2022,pemeliharaan rutin,baik,aspal
4228 - JL. M.I. BUNGA BANGSA,792,725.51840692900,0+300,0+400,792,2022,1 juli 2022,pemeliharaan rutin,baik,aspal
4228 - JL. M.I. BUNGA BANGSA,793,725.51840692900,0+400,0+500,793,2022,1 juli 2022,pemeliharaan rutin,baik,aspal
4228 - JL. M.I. BUNGA BANGSA,794,725.51840692900,0+500,0+600,794,2022,1 juli 2022,pemeliharaan rutin,baik,aspal
4228 - JL. M.I. BUNGA BANGSA,795,725.51840692900,0+700,0+725,795,2022,1 juli 2022,pemeliharaan rutin,baik,aspal
4229 - JL. M.I. FARHIN,797,834.95945907100,0+000,0+100,797,2022,1 juli 2022,pemeliharaan rutin,baik,aspal
4229 - JL. M.I. FARHIN,798,834.95945907100,0+100,0+200,798,2022,1 juli 2022,pemeliharaan rutin,baik,aspal
4229 - JL. M.I. FARHIN,799,834.95945907100,0+200,0+300,799,2022,1 juli 2022,pemeliharaan rutin,baik,aspal
4229 - JL. M.I. FARHIN,800,834.95945907100,0+300,0+400,800,,,,,
4229 - JL. M.I. FARHIN,801,834.95945907100,0+400,0+500,801,,,,,
4229 - JL. M.I. FARHIN,802,834.95945907100,0+500,0+600,802,,,,,
4229 - JL. M.I. FARHIN,803,834.95945907100,0+600,0+700,803,,,,,
4229 - JL. M.I. FARHIN,804,834.95945907100,0+800,0+834,804,,,,,
4230 - JL. WAHID HASYIM,806,2271.13715372000,0+000,0+100,806,,,,,
4230 - JL. WAHID HASYIM,807,2271.13715372000,0+100,0+200,807,,,,,
4230 - JL. WAHID HASYIM,808,2271.13715372000,0+200,0+300,808,,,,,
4230 - JL. WAHID HASYIM,809,2271.13715372000,0+300,0+400,809,,,,,
4230 - JL. WAHID HASYIM,810,2271.13715372000,0+400,0+500,810,,,,,
4230 - JL. WAHID HASYIM,811,2271.13715372000,0+500,0+600,811,,,,,
4230 - JL. WAHID HASYIM,812,2271.13715372000,0+600,0+700,812,,,,,
4230 - JL. WAHID HASYIM,813,2271.13715372000,0+700,0+800,813,,,,,
4230 - JL. WAHID HASYIM,814,2271.13715372000,0+800,0+900,814,,,,,
4230 - JL. WAHID HASYIM,815,2271.13715372000,0+900,1+000,815,,,,,
4230 - JL. WAHID HASYIM,816,2271.13715372000,1+000,1+100,816,,,,,
4230 - JL. WAHID HASYIM,817,2271.13715372000,1+100,1+200,817,,,,,
4230 - JL. WAHID HASYIM,818,2271.13715372000,1+200,1+300,818,,,,,
4230 - JL. WAHID HASYIM,819,2271.13715372000,1+300,1+400,819,,,,,
4230 - JL. WAHID HASYIM,820,2271.13715372000,1+400,1+500,820,,,,,
4230 - JL. WAHID HASYIM,821,2271.13715372000,1+500,1+600,821,,,,,
4230 - JL. WAHID HASYIM,822,2271.13715372000,1+600,1+700,822,,,,,
4230 - JL. WAHID HASYIM,823,2271.13715372000,1+700,1+800,823,,,,,
4230 - JL. WAHID HASYIM,824,2271.13715372000,1+800,1+900,824,,,,,
4230 - JL. WAHID HASYIM,825,2271.13715372000,1+900,2+000,825,,,,,
4230 - JL. WAHID HASYIM,826,2271.13715372000,2+000,2+100,826,,,,,
4230 - JL. WAHID HASYIM,827,2271.13715372000,2+200,2+271,827,,,,,
4231 - JL. COKRO AMINOTO,829,602.97421387100,0+000,0+100,829,,,,,
4231 - JL. COKRO AMINOTO,830,602.97421387100,0+100,0+200,830,,,,,
4231 - JL. COKRO AMINOTO,831,602.97421387100,0+200,0+300,831,,,,,
4231 - JL. COKRO AMINOTO,832,602.97421387100,0+300,0+400,832,,,,,
4231 - JL. COKRO AMINOTO,833,602.97421387100,0+400,0+500,833,,,,,
4231 - JL. COKRO AMINOTO,834,602.97421387100,0+600,0+602,834,,,,,
4232 - JL. TENGKU UMAR,836,844.32678304000,0+000,0+100,836,,,,,
4232 - JL. TENGKU UMAR,837,844.32678304000,0+100,0+200,837,,,,,
4232 - JL. TENGKU UMAR,838,844.32678304000,0+200,0+300,838,,,,,
4232 - JL. TENGKU UMAR,839,844.32678304000,0+300,0+400,839,,,,,
4232 - JL. TENGKU UMAR,840,844.32678304000,0+400,0+500,840,,,,,
4232 - JL. TENGKU UMAR,841,844.32678304000,0+500,0+600,841,,,,,
4232 - JL. TENGKU UMAR,842,844.32678304000,0+600,0+700,842,,,,,
4232 - JL. TENGKU UMAR,843,844.32678304000,0+800,0+844,843,,,,,
4233 - JL. SANDANG PANGAN,845,242.68323260700,0+000,0+100,845,,,,,
4233 - JL. SANDANG PANGAN,846,242.68323260700,0+200,0+242,846,,,,,
4234 - JL. TOTO TENTREM,848,508.59464834900,0+000,0+100,848,,,,,
4234 - JL. TOTO TENTREM,849,508.59464834900,0+100,0+200,849,,,,,
4234 - JL. TOTO TENTREM,850,508.59464834900,0+200,0+300,850,,,,,
4234 - JL. TOTO TENTREM,851,508.59464834900,0+300,0+400,851,,,,,
4234 - JL. TOTO TENTREM,852,508.59464834900,0+500,0+508,852,,,,,
4235 - JL. LOHJINAWI,854,636.14806304800,0+000,0+100,854,,,,,
4235 - JL. LOHJINAWI,855,636.14806304800,0+100,0+200,855,,,,,
4235 - JL. LOHJINAWI,856,636.14806304800,0+200,0+300,856,,,,,
4235 - JL. LOHJINAWI,857,636.14806304800,0+300,0+400,857,,,,,
4235 - JL. LOHJINAWI,858,636.14806304800,0+400,0+500,858,,,,,
4235 - JL. LOHJINAWI,859,636.14806304800,0+600,0+636,859,,,,,
4236 - JL. SANGGRAHAN,861,863.08723822400,0+000,0+100,861,,,,,
4236 - JL. SANGGRAHAN,862,863.08723822400,0+100,0+200,862,,,,,
4236 - JL. SANGGRAHAN,863,863.08723822400,0+200,0+300,863,,,,,
4236 - JL. SANGGRAHAN,864,863.08723822400,0+300,0+400,864,,,,,
4236 - JL. SANGGRAHAN,865,863.08723822400,0+400,0+500,865,2022,1 juli 2022,pemeliharaan rutin,baik,aspal
4236 - JL. SANGGRAHAN,866,863.08723822400,0+500,0+600,866,2022,1 juli 2022,pemeliharaan rutin,baik,aspal
4236 - JL. SANGGRAHAN,867,863.08723822400,0+600,0+700,867,2022,1 juli 2022,pemeliharaan rutin,baik,aspal
4236 - JL. SANGGRAHAN,868,863.08723822400,0+800,0+863,868,2022,1 juli 2022,pemeliharaan rutin,baik,aspal
4237 - JL. LAPANGAN BERAN,870,425.09622046500,0+000,0+100,870,2022,1 juli 2022,pemeliharaan rutin,baik,aspal
4237 - JL. LAPANGAN BERAN,871,425.09622046500,0+100,0+200,871,2022,1 juli 2022,pemeliharaan rutin,baik,aspal
4237 - JL. LAPANGAN BERAN,872,425.09622046500,0+200,0+300,872,2022,1 juli 2022,pemeliharaan rutin,baik,aspal
4237 - JL. LAPANGAN BERAN,873,425.09622046500,0+400,0+425,873,2022,1 juli 2022,pemeliharaan rutin,baik,aspal
4238 - JL. TEGAL ASRI,875,1210.69022402000,0+000,0+100,875,2022,1 juli 2022,pemeliharaan rutin,baik,aspal
4238 - JL. TEGAL ASRI,876,1210.69022402000,0+100,0+200,876,2022,1 juli 2022,pemeliharaan rutin,baik,aspal
4238 - JL. TEGAL ASRI,877,1210.69022402000,0+200,0+300,877,2022,1 juli 2022,pemeliharaan rutin,baik,aspal
4238 - JL. TEGAL ASRI,878,1210.69022402000,0+300,0+400,878,2022,1 juli 2022,pemeliharaan rutin,baik,aspal
4238 - JL. TEGAL ASRI,879,1210.69022402000,0+400,0+500,879,2022,1 juli 2022,pemeliharaan rutin,baik,aspal
4238 - JL. TEGAL ASRI,880,1210.69022402000,0+500,0+600,880,2022,1 juli 2022,pemeliharaan rutin,baik,aspal
4238 - JL. TEGAL ASRI,881,1210.69022402000,0+600,0+700,881,2022,1 juli 2022,pemeliharaan rutin,baik,aspal
4238 - JL. TEGAL ASRI,882,1210.69022402000,0+700,0+800,882,2022,1 juli 2022,pemeliharaan rutin,baik,aspal
4238 - JL. TEGAL ASRI,883,1210.69022402000,0+800,0+900,883,2022,1 juli 2022,pemeliharaan rutin,baik,aspal
4238 - JL. TEGAL ASRI,884,1210.69022402000,0+900,1+000,884,2022,1 juli 2022,pemeliharaan rutin,baik,aspal
4238 - JL. TEGAL ASRI,885,1210.69022402000,1+000,1+100,885,2022,1 juli 2022,pemeliharaan rutin,baik,aspal
4238 - JL. TEGAL ASRI,886,1210.69022402000,1+200,1+210,886,2022,1 juli 2022,pemeliharaan rutin,baik,aspal
4239 - JL. MONTIKAN,888,1105.38157050000,0+000,0+100,888,2022,1 juli 2022,pemeliharaan rutin,baik,aspal
4239 - JL. MONTIKAN,889,1105.38157050000,0+100,0+200,889,2022,1 juli 2022,pemeliharaan rutin,baik,aspal
4239 - JL. MONTIKAN,890,1105.38157050000,0+200,0+300,890,2022,1 juli 2022,pemeliharaan rutin,baik,aspal
4239 - JL. MONTIKAN,891,1105.38157050000,0+300,0+400,891,,,,,
4239 - JL. MONTIKAN,892,1105.38157050000,0+400,0+500,892,,,,,
4239 - JL. MONTIKAN,893,1105.38157050000,0+500,0+600,893,,,,,
4239 - JL. MONTIKAN,894,1105.38157050000,0+600,0+700,894,,,,,
4239 - JL. MONTIKAN,895,1105.38157050000,0+700,0+800,895,,,,,
4239 - JL. MONTIKAN,896,1105.38157050000,0+800,0+900,896,,,,,
4239 - JL. MONTIKAN,897,1105.38157050000,0+900,1+000,897,,,,,
4239 - JL. MONTIKAN,898,1105.38157050000,1+100,1+105,898,,,,,
4240 - JL. DIPONEGORO,900,773.58497002300,0+000,0+100,900,,,,,
4240 - JL. DIPONEGORO,901,773.58497002300,0+100,0+200,901,,,,,
4240 - JL. DIPONEGORO,902,773.58497002300,0+200,0+300,902,,,,,
4240 - JL. DIPONEGORO,903,773.58497002300,0+300,0+400,903,,,,,
4240 - JL. DIPONEGORO,904,773.58497002300,0+400,0+500,904,,,,,
4240 - JL. DIPONEGORO,905,773.58497002300,0+500,0+600,905,,,,,
4240 - JL. DIPONEGORO,906,773.58497002300,0+700,0+773,906,,,,,
4241 - JL. RADEN PATAH,908,315.44661654300,0+000,0+100,908,,,,,
4241 - JL. RADEN PATAH,909,315.44661654300,0+100,0+200,909,,,,,
4241 - JL. RADEN PATAH,910,315.44661654300,0+300,0+315,910,,,,,
4242 - JL. K.H. MOJO I,912,413.39363302100,0+000,0+100,912,,,,,
4242 - JL. K.H. MOJO I,913,413.39363302100,0+100,0+200,913,,,,,
4242 - JL. K.H. MOJO I,914,413.39363302100,0+200,0+300,914,,,,,
4242 - JL. K.H. MOJO I,915,413.39363302100,0+400,0+413,915,,,,,
4243 - JL. K.H. MOJO II,917,270.69605066900,0+000,0+100,917,,,,,
4243 - JL. K.H. MOJO II,918,270.69605066900,0+200,0+270,918,,,,,
4244 - JL. AGUS SALIM,920,1497.33011671000,0+000,0+100,920,,,,,
4244 - JL. AGUS SALIM,921,1497.33011671000,0+100,0+200,921,,,,,
4244 - JL. AGUS SALIM,922,1497.33011671000,0+200,0+300,922,,,,,
4244 - JL. AGUS SALIM,923,1497.33011671000,0+300,0+400,923,,,,,
4244 - JL. AGUS SALIM,924,1497.33011671000,0+400,0+500,924,,,,,
4244 - JL. AGUS SALIM,925,1497.33011671000,0+500,0+600,925,,,,,
4244 - JL. AGUS SALIM,926,1497.33011671000,0+600,0+700,926,,,,,
4244 - JL. AGUS SALIM,927,1497.33011671000,0+700,0+800,927,,,,,
4244 - JL. AGUS SALIM,928,1497.33011671000,0+800,0+900,928,,,,,
4244 - JL. AGUS SALIM,929,1497.33011671000,0+900,1+000,929,,,,,
4244 - JL. AGUS SALIM,930,1497.33011671000,1+000,1+100,930,,,,,
4244 - JL. AGUS SALIM,931,1497.33011671000,1+100,1+200,931,,,,,
4244 - JL. AGUS SALIM,932,1497.33011671000,1+200,1+300,932,,,,,
4244 - JL. AGUS SALIM,933,1497.33011671000,1+400,1+497,933,,,,,
4245 - JL. MELATI,935,357.98665952100,0+000,0+100,935,,,,,
4245 - JL. MELATI,936,357.98665952100,0+100,0+200,936,,,,,
4245 - JL. MELATI,937,357.98665952100,0+300,0+357,937,,,,,
4246 - JL. MENUR,939,613.40238051800,0+000,0+100,939,,,,,
4246 - JL. MENUR,940,613.40238051800,0+100,0+200,940,,,,,
4246 - JL. MENUR,941,613.40238051800,0+200,0+300,941,,,,,
4246 - JL. MENUR,942,613.40238051800,0+300,0+400,942,,,,,
4246 - JL. MENUR,943,613.40238051800,0+400,0+500,943,,,,,
4246 - JL. MENUR,944,613.40238051800,0+600,0+613,944,,,,,
4247 - JL. NOGO,946,1240.61743196000,0+000,0+100,946,,,,,
4247 - JL. NOGO,947,1240.61743196000,0+100,0+200,947,,,,,
4247 - JL. NOGO,948,1240.61743196000,0+200,0+300,948,,,,,
4247 - JL. NOGO,949,1240.61743196000,0+300,0+400,949,,,,,
4247 - JL. NOGO,950,1240.61743196000,0+400,0+500,950,,,,,
4247 - JL. NOGO,951,1240.61743196000,0+500,0+600,951,,,,,
4247 - JL. NOGO,952,1240.61743196000,0+600,0+700,952,,,,,
4247 - JL. NOGO,953,1240.61743196000,0+700,0+800,953,,,,,
4247 - JL. NOGO,954,1240.61743196000,0+800,0+900,954,,,,,
4247 - JL. NOGO,955,1240.61743196000,0+900,1+000,955,,,,,
4247 - JL. NOGO,956,1240.61743196000,1+000,1+100,956,,,,,
4247 - JL. NOGO,957,1240.61743196000,1+200,1+240,957,2022,1 juli 2022,pemeliharaan rutin,baik,aspal
4248 - JL. SAUR,959,782.66877475000,0+000,0+100,959,2022,1 juli 2022,pemeliharaan rutin,baik,aspal
4248 - JL. SAUR,960,782.66877475000,0+100,0+200,960,2022,1 juli 2022,pemeliharaan rutin,baik,aspal
4248 - JL. SAUR,961,782.66877475000,0+200,0+300,961,2022,1 juli 2022,pemeliharaan rutin,baik,aspal
4248 - JL. SAUR,962,782.66877475000,0+300,0+400,962,2022,1 juli 2022,pemeliharaan rutin,baik,aspal
4248 - JL. SAUR,963,782.66877475000,0+400,0+500,963,2022,1 juli 2022,pemeliharaan rutin,baik,aspal
4248 - JL. SAUR,964,782.66877475000,0+500,0+600,964,2022,1 juli 2022,pemeliharaan rutin,baik,aspal
4248 - JL. SAUR,965,782.66877475000,0+700,0+782,965,2022,1 juli 2022,pemeliharaan rutin,baik,aspal
4301 - JL. SUMBERMORO,967,499.51708759100,0+000,0+100,967,2022,1 juli 2022,pemeliharaan rutin,baik,aspal
4301 - JL. SUMBERMORO,968,499.51708759100,0+100,0+200,968,2022,1 juli 2022,pemeliharaan rutin,baik,aspal
4301 - JL. SUMBERMORO,969,499.51708759100,0+200,0+300,969,2022,1 juli 2022,pemeliharaan rutin,baik,aspal
4301 - JL. SUMBERMORO,970,499.51708759100,0+400,0+499,970,2022,1 juli 2022,pemeliharaan rutin,baik,aspal
4302 - JL. SUMBERSAKTI,972,242.39656392800,0+000,0+100,972,2022,1 juli 2022,pemeliharaan rutin,baik,aspal
4302 - JL. SUMBERSAKTI,973,242.39656392800,0+200,0+242,973,2022,1 juli 2022,pemeliharaan rutin,baik,aspal
4303 - JL. KARYAWAN,975,383.00097081800,0+000,0+100,975,2022,1 juli 2022,pemeliharaan rutin,baik,aspal
4303 - JL. KARYAWAN,976,383.00097081800,0+100,0+200,976,2022,1 juli 2022,pemeliharaan rutin,baik,aspal
4303 - JL. KARYAWAN,977,383.00097081800,0+300,0+383,977,2022,1 juli 2022,pemeliharaan rutin,baik,aspal
4304 - JL. SUMBER MAS,979,323.47411211600,0+000,0+100,979,2022,1 juli 2022,pemeliharaan rutin,baik,aspal
4304 - JL. SUMBER MAS,980,323.47411211600,0+100,0+200,980,2022,1 juli 2022,pemeliharaan rutin,baik,aspal
4304 - JL. SUMBER MAS,981,323.47411211600,0+300,0+323,981,2022,1 juli 2022,pemeliharaan rutin,baik,aspal
4305 - JL. SENDANG BEJI,983,326.79403212500,0+000,0+100,983,2022,1 juli 2022,pemeliharaan rutin,baik,aspal
4305 - JL. SENDANG BEJI,984,326.79403212500,0+100,0+200,984,2022,1 juli 2022,pemeliharaan rutin,baik,aspal
4305 - JL. SENDANG BEJI,985,326.79403212500,0+300,0+326,985,2022,1 juli 2022,pemeliharaan rutin,baik,aspal
4306 - JL. BRANJANGAN I/B,987,258.10697930000,0+000,0+100,987,,,,,
4306 - JL. BRANJANGAN I/B,988,258.10697930000,0+200,0+258,988,,,,,
4307 - JL. BRANJANGAN I,990,326.90905547000,0+000,0+100,990,,,,,
4307 - JL. BRANJANGAN I,991,326.90905547000,0+100,0+200,991,,,,,
4307 - JL. BRANJANGAN I,992,326.90905547000,0+300,0+326,992,,,,,
4308 - JL. SETYA RUKUN,994,499.86503043400,0+000,0+100,994,,,,,
4308 - JL. SETYA RUKUN,995,499.86503043400,0+100,0+200,995,,,,,
4308 - JL. SETYA RUKUN,996,499.86503043400,0+200,0+300,996,,,,,
4308 - JL. SETYA RUKUN,997,499.86503043400,0+400,0+499,997,,,,,
4309 - JL. SERBA GUNA,999,187.76493032000,0+000,0+100,999,,,,,
4310 - JL. EKA BHAKTI,1001,736.05812977500,0+000,0+100,1001,,,,,
4310 - JL. EKA BHAKTI,1002,736.05812977500,0+100,0+200,1002,,,,,
4310 - JL. EKA BHAKTI,1003,736.05812977500,0+200,0+300,1003,,,,,
4310 - JL. EKA BHAKTI,1004,736.05812977500,0+300,0+400,1004,,,,,
4310 - JL. EKA BHAKTI,1005,736.05812977500,0+400,0+500,1005,,,,,
4310 - JL. EKA BHAKTI,1006,736.05812977500,0+500,0+600,1006,,,,,
4310 - JL. EKA BHAKTI,1007,736.05812977500,0+700,0+736,1007,,,,,
4311 - JL. SWAKARYA,1009,317.36517683600,0+000,0+100,1009,,,,,
4311 - JL. SWAKARYA,1010,317.36517683600,0+100,0+200,1010,,,,,
4311 - JL. SWAKARYA,1011,317.36517683600,0+300,0+317,1011,,,,,
4312 - JL. SWANARDIPA,1013,194.83354163100,0+000,0+100,1013,,,,,
4313 - JL. SWASEMBADA,1015,263.43414567200,0+000,0+100,1015,,,,,
4313 - JL. SWASEMBADA,1016,263.43414567200,0+200,0+263,1016,,,,,
4314 - JL. KANAL TIMUR,1018,1094.12449977000,0+000,0+100,1018,,,,,
4314 - JL. KANAL TIMUR,1019,1094.12449977000,0+100,0+200,1019,,,,,
4314 - JL. KANAL TIMUR,1020,1094.12449977000,0+200,0+300,1020,,,,,
4314 - JL. KANAL TIMUR,1021,1094.12449977000,0+300,0+400,1021,,,,,
4314 - JL. KANAL TIMUR,1022,1094.12449977000,0+400,0+500,1022,,,,,
4314 - JL. KANAL TIMUR,1023,1094.12449977000,0+500,0+600,1023,,,,,
4314 - JL. KANAL TIMUR,1024,1094.12449977000,0+600,0+700,1024,,,,,
4314 - JL. KANAL TIMUR,1025,1094.12449977000,0+700,0+800,1025,,,,,
4314 - JL. KANAL TIMUR,1026,1094.12449977000,0+800,0+900,1026,,,,,
4314 - JL. KANAL TIMUR,1027,1094.12449977000,1+000,1+094,1027,,,,,
4315 - JL. SETYA DARMA,1029,667.64032957900,0+000,0+100,1029,,,,,
4315 - JL. SETYA DARMA,1030,667.64032957900,0+100,0+200,1030,,,,,
4315 - JL. SETYA DARMA,1031,667.64032957900,0+200,0+300,1031,,,,,
4315 - JL. SETYA DARMA,1032,667.64032957900,0+300,0+400,1032,,,,,
4315 - JL. SETYA DARMA,1033,667.64032957900,0+400,0+500,1033,,,,,
4315 - JL. SETYA DARMA,1034,667.64032957900,0+600,0+667,1034,,,,,
4064 - JL. CAKRANINGRAT,325,1026.70045281000,0+000,0+100,325,,,,,
4064 - JL. CAKRANINGRAT,326,1026.70045281000,0+100,0+200,326,,,,,
4064 - JL. CAKRANINGRAT,327,1026.70045281000,0+200,0+300,327,,,,,
4064 - JL. CAKRANINGRAT,328,1026.70045281000,0+300,0+400,328,,,,,
4064 - JL. CAKRANINGRAT,329,1026.70045281000,0+400,0+500,329,,,,,
4064 - JL. CAKRANINGRAT,330,1026.70045281000,0+500,0+600,330,,,,,
4064 - JL. CAKRANINGRAT,331,1026.70045281000,0+600,0+700,331,,,,,
4064 - JL. CAKRANINGRAT,332,1026.70045281000,0+700,0+800,332,,,,,
4064 - JL. CAKRANINGRAT,333,1026.70045281000,0+800,0+900,333,,,,,
4064 - JL. CAKRANINGRAT,334,1026.70045281000,0+900,1+000,334,,,,,
4064 - JL. CAKRANINGRAT,335,1026.70045281000,1+000,1+026,335,,,,,
4070 - JL. WIBOWO,369,414.18724081800,0+300,0+400,369,,,,,
4070 - JL. WIBOWO,370,414.18724081800,0+000,0+100,370,,,,,
4070 - JL. WIBOWO,371,414.18724081800,0+100,0+200,371,,,,,
4070 - JL. WIBOWO,372,414.18724081800,0+200,0+300,372,,,,,
4070 - JL. WIBOWO,373,414.18724081800,0+400,0+414,373,,,,,
4093 - JL. CEMPAKA I,470,62.05164132760,0+000,0+062,470,,,,,
4066 - JL. MERPATI (BALEREJO),338,576.29479937600,0+000,0+100,338,,,,,
4066 - JL. MERPATI (BALEREJO),339,576.29479937600,0+100,0+200,339,,,,,
4066 - JL. MERPATI (BALEREJO),340,576.29479937600,0+200,0+300,340,2022,1 juli 2022,pemeliharaan rutin,baik,aspal
4066 - JL. MERPATI (BALEREJO),341,576.29479937600,0+300,0+400,341,2022,1 juli 2022,pemeliharaan rutin,baik,aspal
4066 - JL. MERPATI (BALEREJO),342,576.29479937600,0+400,0+500,342,2022,1 juli 2022,pemeliharaan rutin,baik,aspal
4066 - JL. MERPATI (BALEREJO),343,576.29479937600,0+500,0+576,343,2022,1 juli 2022,pemeliharaan rutin,baik,aspal